基金代码,基金简称,总股票持仓市值_万,股票简称,占净值比例,持股数_万,持仓市值_万,持仓市值_亿
014143,银河创新成长混合C,1306623.65,中芯国际,9.94,1185.0,166054.05,16.6054
014143,银河创新成长混合C,1306623.65,兆易创新,9.3,729.0,155495.7,15.5496
014143,银河创新成长混合C,1306623.65,海光信息,9.29,615.0,155349.0,15.5349
014143,银河创新成长混合C,1306623.65,寒武纪,8.72,110.0,145750.0,14.575
014143,银河创新成长混合C,1306623.65,中微公司,8.05,450.0,134545.5,13.4546
014143,银河创新成长混合C,1306623.65,翱捷科技,7.94,1200.49,132653.85,13.2654
014143,银河创新成长混合C,1306623.65,思瑞浦,6.43,620.0,107470.8,10.7471
014143,银河创新成长混合C,1306623.65,华虹公司,6.37,930.0,106540.8,10.6541
014143,银河创新成长混合C,1306623.65,中科曙光,6.21,870.0,103747.5,10.3748
014143,银河创新成长混合C,1306623.65,瑞芯微,5.92,439.0,99016.45,9.9016
018957,中航机遇领航混合发起C,1022008.42,英维克,9.75,1612.67,128981.64,12.8982
018957,中航机遇领航混合发起C,1022008.42,新易盛,9.71,351.4,128531.29,12.8531
018957,中航机遇领航混合发起C,1022008.42,中际旭创,9.52,312.16,126013.72,12.6014
018957,中航机遇领航混合发起C,1022008.42,胜宏科技,9.18,425.26,121411.73,12.1412
018957,中航机遇领航混合发起C,1022008.42,源杰科技,9.05,279.07,119719.79,11.972
018957,中航机遇领航混合发起C,1022008.42,天孚通信,8.85,697.58,117054.26,11.7054
018957,中航机遇领航混合发起C,1022008.42,沪电股份,5.52,993.64,73002.67,7.3003
018957,中航机遇领航混合发起C,1022008.42,光库科技,5.45,606.69,72074.32,7.2074
018957,中航机遇领航混合发起C,1022008.42,德科立,5.16,564.45,68310.17,6.831
018957,中航机遇领航混合发起C,1022008.42,东山精密,5.06,935.79,66908.83,6.6909
015751,景顺长城品质长青混合C,982368.79,泡泡玛特,8.12,475.14,115736.06,11.5736
015751,景顺长城品质长青混合C,982368.79,工业富联,7.62,1644.25,108536.98,10.8537
015751,景顺长城品质长青混合C,982368.79,小米集团-W,7.59,2193.36,108134.67,10.8135
015751,景顺长城品质长青混合C,982368.79,新易盛,7.5,292.19,106873.28,10.6873
015751,景顺长城品质长青混合C,982368.79,水晶光电,7.29,3928.99,103882.62,10.3883
015751,景顺长城品质长青混合C,982368.79,腾讯控股,6.74,158.59,95995.44,9.5995
015751,景顺长城品质长青混合C,982368.79,九号公司,6.18,1321.64,88093.54,8.8094
015751,景顺长城品质长青混合C,982368.79,老铺黄金,6.02,131.91,85747.01,8.5747
015751,景顺长城品质长青混合C,982368.79,高伟电子,5.97,2387.0,84992.05,8.4992
015751,景顺长城品质长青混合C,982368.79,蓝思科技,5.92,2520.23,84377.14,8.4377
005491,兴全合宜混合(LOF)C,914509.44,信达生物,7.54,1600.13,140829.48,14.0829
005491,兴全合宜混合(LOF)C,914509.44,中际旭创,5.58,258.01,104153.88,10.4154
005491,兴全合宜混合(LOF)C,914509.44,巨化股份,5.4,2522.52,100926.01,10.0926
005491,兴全合宜混合(LOF)C,914509.44,晶晨股份,5.33,896.14,99632.34,9.9632
005491,兴全合宜混合(LOF)C,914509.44,立讯精密,5.08,1467.79,94951.48,9.4951
005491,兴全合宜混合(LOF)C,914509.44,中芯国际,4.71,1211.42,87982.11,8.7982
005491,兴全合宜混合(LOF)C,914509.44,诺诚健华,4.37,4779.1,81679.53,8.168
005491,兴全合宜混合(LOF)C,914509.44,澜起科技,4.07,491.55,76091.35,7.6091
005491,兴全合宜混合(LOF)C,914509.44,东山精密,3.5,913.58,65320.99,6.5321
005491,兴全合宜混合(LOF)C,914509.44,宁德时代,3.37,156.57,62942.27,6.2942
017437,华宝纳斯达克精选股票发起式(QDII)C,785776.36,英伟达,9.9,85.29,113075.64,11.3076
017437,华宝纳斯达克精选股票发起式(QDII)C,785776.36,微软,8.06,25.01,92057.4,9.2057
017437,华宝纳斯达克精选股票发起式(QDII)C,785776.36,特斯拉,7.91,28.58,90313.18,9.0313
017437,华宝纳斯达克精选股票发起式(QDII)C,785776.36,苹果,7.85,49.53,89608.07,8.9608
017437,华宝纳斯达克精选股票发起式(QDII)C,785776.36,博通,6.87,33.48,78471.51,7.8472
017437,华宝纳斯达克精选股票发起式(QDII)C,785776.36,谷歌-C,5.98,39.46,68294.9,6.8295
017437,华宝纳斯达克精选股票发起式(QDII)C,785776.36,迈威尔科技,5.68,108.68,64923.23,6.4923
017437,华宝纳斯达克精选股票发起式(QDII)C,785776.36,奈飞,5.54,7.42,63230.88,6.3231
017437,华宝纳斯达克精选股票发起式(QDII)C,785776.36,Meta Platforms Inc-A,5.51,12.06,62920.3,6.292
017437,华宝纳斯达克精选股票发起式(QDII)C,785776.36,亚马逊,5.51,40.3,62881.25,6.2881
018994,中欧数字经济混合发起C,731240.14,新易盛,9.41,335.13,122579.04,12.2579
018994,中欧数字经济混合发起C,731240.14,阿里巴巴-W,8.99,724.57,117090.51,11.7091
018994,中欧数字经济混合发起C,731240.14,中际旭创,8.63,278.48,112416.81,11.2417
018994,中欧数字经济混合发起C,731240.14,天孚通信,5.06,392.59,65877.22,6.5877
018994,中欧数字经济混合发起C,731240.14,新泉股份,5.04,790.4,65635.19,6.5635
018994,中欧数字经济混合发起C,731240.14,三花智控,4.4,1184.24,57352.91,5.7353
018994,中欧数字经济混合发起C,731240.14,腾讯控股,4.24,91.31,55270.86,5.5271
018994,中欧数字经济混合发起C,731240.14,中芯国际,3.52,631.95,45898.53,4.5899
018994,中欧数字经济混合发起C,731240.14,沪电股份,3.45,611.41,44920.24,4.492
018994,中欧数字经济混合发起C,731240.14,生益科技,3.39,818.19,44198.83,4.4199
004815,中欧红利优享混合C,694821.27,紫金矿业,8.41,4809.77,141599.71,14.16
004815,中欧红利优享混合C,694821.27,新华保险,5.28,2109.39,88889.69,8.889
004815,中欧红利优享混合C,694821.27,中国人寿,5.05,4217.8,85115.2,8.5115
004815,中欧红利优享混合C,694821.27,中国平安,4.78,1660.95,80439.81,8.044
004815,中欧红利优享混合C,694821.27,徐工机械,3.71,5431.77,62465.33,6.2465
004815,中欧红利优享混合C,694821.27,三一重工,3.15,2283.54,53069.48,5.3069
004815,中欧红利优享混合C,694821.27,中国黄金国际,3.06,406.48,51509.15,5.1509
004815,中欧红利优享混合C,694821.27,中国重汽,2.76,2696.39,46404.94,4.6405
004815,中欧红利优享混合C,694821.27,新华保险,2.6,715.93,43786.28,4.3786
004815,中欧红利优享混合C,694821.27,中国海洋石油,2.47,2390.2,41541.68,4.1542
015686,富国新兴产业股票C,614491.1,新易盛,9.42,254.02,92914.36,9.2914
015686,富国新兴产业股票C,614491.1,寒武纪,9.01,67.05,88841.65,8.8842
015686,富国新兴产业股票C,614491.1,中际旭创,8.72,212.95,85965.27,8.5965
015686,富国新兴产业股票C,614491.1,兆易创新,8.48,392.2,83656.52,8.3657
015686,富国新兴产业股票C,614491.1,沪电股份,7.49,1004.73,73817.62,7.3818
015686,富国新兴产业股票C,614491.1,深南电路,5.76,262.05,56770.73,5.6771
015686,富国新兴产业股票C,614491.1,南芯科技,3.51,670.24,34577.61,3.4578
015686,富国新兴产业股票C,614491.1,龙迅股份,3.34,442.44,32891.33,3.2891
015686,富国新兴产业股票C,614491.1,瑞芯微,3.31,144.77,32653.93,3.2654
015686,富国新兴产业股票C,614491.1,东山精密,3.29,453.18,32402.08,3.2402
015968,永赢半导体产业智选混合发起C,605234.58,中芯国际,9.85,1280.0,92963.28,9.2963
015968,永赢半导体产业智选混合发起C,605234.58,北方华创,8.63,180.0,81424.8,8.1425
015968,永赢半导体产业智选混合发起C,605234.58,中科飞测,7.38,600.0,69618.0,6.9618
015968,永赢半导体产业智选混合发起C,605234.58,汇成真空,7.34,400.0,69252.0,6.9252
015968,永赢半导体产业智选混合发起C,605234.58,茂莱光学,6.98,150.0,65850.0,6.585
015968,永赢半导体产业智选混合发起C,605234.58,奥普光电,5.8,950.0,54767.5,5.4768
015968,永赢半导体产业智选混合发起C,605234.58,福晶科技,5.27,1000.0,49700.0,4.97
015968,永赢半导体产业智选混合发起C,605234.58,芯源微,4.74,300.0,44700.0,4.47
015968,永赢半导体产业智选混合发起C,605234.58,华海清科,4.38,250.0,41300.0,4.13
015968,永赢半导体产业智选混合发起C,605234.58,燕东微,3.78,1300.0,35659.0,3.5659
014642,摩根新兴动力混合C,597114.39,宁德时代,9.48,227.31,91378.74,9.1379
014642,摩根新兴动力混合C,597114.39,东山精密,8.33,1123.7,80344.6,8.0345
014642,摩根新兴动力混合C,597114.39,胜宏科技,8.28,279.67,79846.84,7.9847
014642,摩根新兴动力混合C,597114.39,亿纬锂能,7.97,844.82,76878.43,7.6878
014642,摩根新兴动力混合C,597114.39,新易盛,7.94,209.4,76592.13,7.6592
014642,摩根新兴动力混合C,597114.39,中际旭创,7.47,178.54,72074.88,7.2075
014642,摩根新兴动力混合C,597114.39,华友钴业,3.36,492.11,32430.27,3.243
014642,摩根新兴动力混合C,597114.39,徐工机械,3.17,2654.76,30529.74,3.053
014642,摩根新兴动力混合C,597114.39,洛阳钼业,3.04,1869.04,29343.91,2.9344
014642,摩根新兴动力混合C,597114.39,艾力斯,2.87,251.22,27694.85,2.7695
002170,东吴移动互联混合C,583952.55,豪威集团,9.28,490.97,74220.66,7.4221
002170,东吴移动互联混合C,583952.55,立讯精密,9.22,1140.0,73746.6,7.3747
002170,东吴移动互联混合C,583952.55,新易盛,8.74,191.0,69862.07,6.9862
002170,东吴移动互联混合C,583952.55,德赛西威,8.67,458.5,69338.96,6.9339
002170,东吴移动互联混合C,583952.55,中际旭创,8.08,160.11,64633.2,6.4633
002170,东吴移动互联混合C,583952.55,兆易创新,7.36,276.0,58870.8,5.8871
002170,东吴移动互联混合C,583952.55,歌尔股份,6.33,1350.0,50625.0,5.0625
002170,东吴移动互联混合C,583952.55,拓普集团,5.93,585.5,47419.86,4.742
002170,东吴移动互联混合C,583952.55,瑞芯微,5.08,180.0,40599.0,4.0599
002170,东吴移动互联混合C,583952.55,水晶光电,4.33,1310.0,34636.4,3.4636
002112,德邦鑫星价值灵活配置混合C,568835.6,胜宏科技,9.69,304.97,87068.94,8.7069
002112,德邦鑫星价值灵活配置混合C,568835.6,新易盛,9.59,235.6,86175.41,8.6175
002112,德邦鑫星价值灵活配置混合C,568835.6,中际旭创,9.3,206.93,83533.5,8.3534
002112,德邦鑫星价值灵活配置混合C,568835.6,工业富联,7.09,964.66,63677.21,6.3677
002112,德邦鑫星价值灵活配置混合C,568835.6,天孚通信,5.09,272.61,45743.96,4.5744
002112,德邦鑫星价值灵活配置混合C,568835.6,东山精密,4.99,627.34,44854.81,4.4855
002112,德邦鑫星价值灵活配置混合C,568835.6,沪电股份,4.85,593.64,43614.69,4.3615
002112,德邦鑫星价值灵活配置混合C,568835.6,麦格米特,4.36,505.72,39178.13,3.9178
002112,德邦鑫星价值灵活配置混合C,568835.6,长飞光纤,4.19,373.23,37636.92,3.7637
002112,德邦鑫星价值灵活配置混合C,568835.6,长芯博创,4.16,351.48,37352.03,3.7352
017811,东方人工智能主题混合C,472052.58,中微公司,9.19,166.75,49855.95,4.9856
017811,东方人工智能主题混合C,472052.58,北方华创,9.14,109.65,49602.09,4.9602
017811,东方人工智能主题混合C,472052.58,芯源微,9.11,331.59,49406.64,4.9407
017811,东方人工智能主题混合C,472052.58,拓荆科技,9.1,189.84,49392.99,4.9393
017811,东方人工智能主题混合C,472052.58,华海清科,9.06,297.59,49161.46,4.9161
017811,东方人工智能主题混合C,472052.58,中科飞测,8.79,411.17,47708.4,4.7708
017811,东方人工智能主题混合C,472052.58,盛美上海,8.46,227.48,45906.21,4.5906
017811,东方人工智能主题混合C,472052.58,京仪装备,8.31,447.24,45090.57,4.5091
017811,东方人工智能主题混合C,472052.58,富创精密,8.03,586.72,43581.44,4.3581
017811,东方人工智能主题混合C,472052.58,精测电子,7.81,539.31,42346.83,4.2347
007356,汇添富科技创新混合C,457671.18,阿里巴巴-W,8.09,495.97,80147.49,8.0147
007356,汇添富科技创新混合C,457671.18,新易盛,6.86,185.86,67983.33,6.7983
007356,汇添富科技创新混合C,457671.18,沪电股份,6.18,833.31,61223.23,6.1223
007356,汇添富科技创新混合C,457671.18,工业富联,6.03,905.74,59787.63,5.9788
007356,汇添富科技创新混合C,457671.18,中际旭创,4.31,105.94,42765.86,4.2766
007356,汇添富科技创新混合C,457671.18,腾讯控股,4.25,69.63,42147.44,4.2147
007356,汇添富科技创新混合C,457671.18,深南电路,3.47,158.72,34384.75,3.4385
007356,汇添富科技创新混合C,457671.18,杰华特,2.44,417.22,24219.9,2.422
007356,汇添富科技创新混合C,457671.18,兴森科技,2.35,1050.81,23243.92,2.3244
007356,汇添富科技创新混合C,457671.18,寒武纪,2.2,16.43,21767.63,2.1768
004241,中欧时代先锋股票C,456812.65,紫金矿业,5.17,2153.48,63398.45,6.3398
004241,中欧时代先锋股票C,456812.65,宁德时代,4.68,142.5,57285.0,5.7285
004241,中欧时代先锋股票C,456812.65,立讯精密,4.38,830.0,53693.0,5.3693
004241,中欧时代先锋股票C,456812.65,万华化学,4.37,803.98,53529.29,5.3529
004241,中欧时代先锋股票C,456812.65,三一重工,3.73,1966.57,45703.09,4.5703
004241,中欧时代先锋股票C,456812.65,三花智控,3.45,872.54,42257.17,4.2257
004241,中欧时代先锋股票C,456812.65,工业富联,3.05,565.94,37357.88,3.7358
004241,中欧时代先锋股票C,456812.65,兴业银锡,3.04,1131.13,37202.77,3.7203
004241,中欧时代先锋股票C,456812.65,江山股份,2.77,1300.01,33930.13,3.393
004241,中欧时代先锋股票C,456812.65,中际旭创,2.65,80.4,32455.87,3.2456
013841,银华集成电路混合C,451667.15,拓荆科技,9.69,209.32,53426.22,5.3426
013841,银华集成电路混合C,451667.15,华海清科,9.64,321.9,53178.14,5.3178
013841,银华集成电路混合C,451667.15,中微公司,9.56,176.21,52683.71,5.2684
013841,银华集成电路混合C,451667.15,芯源微,9.46,350.17,52174.63,5.2175
013841,银华集成电路混合C,451667.15,富创精密,9.43,700.0,51996.0,5.1996
013841,银华集成电路混合C,451667.15,北方华创,9.01,109.85,49691.75,4.9692
013841,银华集成电路混合C,451667.15,精测电子,7.75,544.19,42729.96,4.273
013841,银华集成电路混合C,451667.15,中科飞测,7.59,360.85,41869.21,4.1869
013841,银华集成电路混合C,451667.15,中芯国际,5.93,450.0,32682.4,3.2682
013841,银华集成电路混合C,451667.15,华虹公司,3.85,185.36,21235.13,2.1235
004237,中欧新蓝筹混合C,434075.62,新易盛,9.52,242.54,88713.12,8.8713
004237,中欧新蓝筹混合C,434075.62,中际旭创,9.32,215.05,86811.38,8.6811
004237,中欧新蓝筹混合C,434075.62,万华化学,5.18,725.28,48289.0,4.8289
004237,中欧新蓝筹混合C,434075.62,三一重工,3.73,1493.75,34714.84,3.4715
004237,中欧新蓝筹混合C,434075.62,工业富联,3.68,519.89,34318.11,3.4318
004237,中欧新蓝筹混合C,434075.62,兴业银锡,3.36,950.87,31273.96,3.1274
004237,中欧新蓝筹混合C,434075.62,三花智控,3.31,637.32,30865.2,3.0865
004237,中欧新蓝筹混合C,434075.62,天孚通信,3.31,183.7,30824.52,3.0825
004237,中欧新蓝筹混合C,434075.62,牧原股份,2.62,460.97,24431.34,2.4431
004237,中欧新蓝筹混合C,434075.62,新泉股份,2.56,287.02,23834.15,2.3834
011117,富国沪港深业绩驱动混合型C,414786.98,腾讯控股,8.98,116.7,70637.38,7.0637
011117,富国沪港深业绩驱动混合型C,414786.98,阿里巴巴-W,7.92,385.27,62259.13,6.2259
011117,富国沪港深业绩驱动混合型C,414786.98,泡泡玛特,7.13,230.05,56036.55,5.6037
011117,富国沪港深业绩驱动混合型C,414786.98,紫金矿业,6.09,1627.74,47920.52,4.7921
011117,富国沪港深业绩驱动混合型C,414786.98,网易云音乐,4.09,135.68,32180.87,3.2181
011117,富国沪港深业绩驱动混合型C,414786.98,巨子生物,4.07,619.88,31973.41,3.1973
011117,富国沪港深业绩驱动混合型C,414786.98,紫金矿业,3.76,992.4,29533.82,2.9534
011117,富国沪港深业绩驱动混合型C,414786.98,山东黄金,3.64,849.2,28643.52,2.8644
011117,富国沪港深业绩驱动混合型C,414786.98,洛阳钼业,3.59,1972.3,28243.34,2.8243
011117,富国沪港深业绩驱动混合型C,414786.98,招金矿业,3.48,958.6,27358.44,2.7358
007491,南方信息创新混合C,395959.6,华海清科,9.61,283.91,46901.25,4.6901
007491,南方信息创新混合C,395959.6,中微公司,9.5,155.1,46373.89,4.6374
007491,南方信息创新混合C,395959.6,拓荆科技,9.43,176.98,46045.69,4.6046
007491,南方信息创新混合C,395959.6,芯源微,9.37,306.99,45741.38,4.5741
007491,南方信息创新混合C,395959.6,北方华创,9.23,99.59,45052.66,4.5053
007491,南方信息创新混合C,395959.6,富创精密,9.15,601.22,44658.55,4.4659
007491,南方信息创新混合C,395959.6,精测电子,8.48,526.97,41377.72,4.1378
007491,南方信息创新混合C,395959.6,万业企业,6.31,1400.39,30808.67,3.0809
007491,南方信息创新混合C,395959.6,安集科技,5.07,108.36,24753.83,2.4754
007491,南方信息创新混合C,395959.6,概伦电子,4.97,574.41,24245.96,2.4246
011400,汇添富数字未来混合C,387543.98,阿里巴巴-W,9.46,336.67,54405.02,5.4405
011400,汇添富数字未来混合C,387543.98,工业富联,8.95,778.99,51420.81,5.1421
011400,汇添富数字未来混合C,387543.98,新易盛,8.54,134.2,49087.8,4.9088
011400,汇添富数字未来混合C,387543.98,中际旭创,8.09,115.14,46479.72,4.648
011400,汇添富数字未来混合C,387543.98,中芯国际,7.31,578.25,41996.89,4.1997
011400,汇添富数字未来混合C,387543.98,腾讯控股,6.74,63.97,38721.41,3.8721
011400,汇添富数字未来混合C,387543.98,中微公司,4.9,94.25,28181.09,2.8181
011400,汇添富数字未来混合C,387543.98,沪电股份,4.89,382.58,28108.15,2.8108
011400,汇添富数字未来混合C,387543.98,北方华创,4.41,56.06,25358.08,2.5358
011400,汇添富数字未来混合C,387543.98,胜宏科技,4.14,83.31,23785.01,2.3785
011329,景顺长城新能源产业股票C,378346.91,爱旭股份,7.48,3037.59,49733.35,4.9733
011329,景顺长城新能源产业股票C,378346.91,九号公司,6.75,673.21,44843.03,4.4843
011329,景顺长城新能源产业股票C,378346.91,宁德时代,6.68,110.44,44397.84,4.4398
011329,景顺长城新能源产业股票C,378346.91,睿创微纳,6.37,478.99,42361.72,4.2362
011329,景顺长城新能源产业股票C,378346.91,帝尔激光,5.78,526.69,38401.26,3.8401
011329,景顺长城新能源产业股票C,378346.91,欣旺达,5.62,1105.91,37368.67,3.7369
011329,景顺长城新能源产业股票C,378346.91,地平线机器人-W,4.98,3781.14,33071.17,3.3071
011329,景顺长城新能源产业股票C,378346.91,奕瑞科技,4.66,268.01,30965.31,3.0965
011329,景顺长城新能源产业股票C,378346.91,云路股份,4.41,268.81,29278.56,2.9279
011329,景顺长城新能源产业股票C,378346.91,思特威,4.2,234.36,27926.0,2.7926
016371,信澳业绩驱动混合C,367308.37,沪电股份,9.85,601.57,44197.37,4.4197
016371,信澳业绩驱动混合C,367308.37,胜宏科技,9.8,154.0,43966.89,4.3967
016371,信澳业绩驱动混合C,367308.37,工业富联,9.69,658.75,43484.4,4.3484
016371,信澳业绩驱动混合C,367308.37,新易盛,9.57,117.43,42953.1,4.2953
016371,信澳业绩驱动混合C,367308.37,天孚通信,9.55,255.38,42851.94,4.2852
016371,信澳业绩驱动混合C,367308.37,中际旭创,9.51,105.69,42666.68,4.2667
016371,信澳业绩驱动混合C,367308.37,宏和科技,6.58,846.69,29524.08,2.9524
016371,信澳业绩驱动混合C,367308.37,铜冠铜箔,6.53,937.8,29287.5,2.9288
016371,信澳业绩驱动混合C,367308.37,麦格米特,5.54,321.13,24878.28,2.4878
016371,信澳业绩驱动混合C,367308.37,长芯博创,5.24,229.33,23498.13,2.3498
010214,中欧互联网先锋混合C,365781.15,阿里巴巴-W,10.51,431.28,69694.85,6.9695
010214,中欧互联网先锋混合C,365781.15,腾讯控股,9.12,99.86,60448.68,6.0449
010214,中欧互联网先锋混合C,365781.15,吉比特,5.72,66.72,37898.1,3.7898
010214,中欧互联网先锋混合C,365781.15,立讯精密,5.07,519.86,33629.74,3.363
010214,中欧互联网先锋混合C,365781.15,哔哩哔哩-W,4.84,156.53,32098.45,3.2098
010214,中欧互联网先锋混合C,365781.15,兆易创新,4.56,141.72,30228.92,3.0229
010214,中欧互联网先锋混合C,365781.15,中芯国际,4.18,381.25,27690.19,2.769
010214,中欧互联网先锋混合C,365781.15,达梦数据,3.96,99.51,26223.26,2.6223
010214,中欧互联网先锋混合C,365781.15,科沃斯,3.89,239.85,25783.55,2.5784
010214,中欧互联网先锋混合C,365781.15,小米集团-W,3.33,447.98,22085.41,2.2085
004235,中欧价值智选混合C,337900.5,牧原股份,10.07,1142.46,60550.26,6.055
004235,中欧价值智选混合C,337900.5,三一重工,8.09,2093.86,48661.41,4.8661
004235,中欧价值智选混合C,337900.5,山东黄金,7.43,1136.48,44697.81,4.4698
004235,中欧价值智选混合C,337900.5,美的集团,7.35,607.84,44165.9,4.4166
004235,中欧价值智选混合C,337900.5,宁德时代,6.46,96.68,38864.8,3.8865
004235,中欧价值智选混合C,337900.5,紫金矿业,4.93,1006.8,29640.13,2.964
004235,中欧价值智选混合C,337900.5,徐工机械,3.94,2060.17,23691.98,2.3692
004235,中欧价值智选混合C,337900.5,嘉友国际,3.53,1482.56,21200.67,2.1201
004235,中欧价值智选混合C,337900.5,新乳业,2.27,798.37,13628.18,1.3628
004235,中欧价值智选混合C,337900.5,九号公司,2.13,191.32,12799.36,1.2799
007509,华商润丰灵活配置混合C,323282.07,中际旭创,5.61,190.26,76804.16,7.6804
007509,华商润丰灵活配置混合C,323282.07,新易盛,5.05,188.94,69106.86,6.9107
007509,华商润丰灵活配置混合C,323282.07,胜宏科技,3.06,146.86,41929.53,4.193
007509,华商润丰灵活配置混合C,323282.07,天孚通信,2.62,213.52,35828.29,3.5828
007509,华商润丰灵活配置混合C,323282.07,三花智控,1.41,398.36,19292.8,1.9293
007509,华商润丰灵活配置混合C,323282.07,巨人网络,1.41,425.88,19241.34,1.9241
007509,华商润丰灵活配置混合C,323282.07,汉威科技,1.2,259.56,16500.05,1.65
007509,华商润丰灵活配置混合C,323282.07,恺英网络,1.13,549.84,15439.51,1.544
007509,华商润丰灵活配置混合C,323282.07,拓普集团,1.1,186.72,15122.34,1.5122
007509,华商润丰灵活配置混合C,323282.07,华工科技,1.02,151.57,14017.19,1.4017
010392,易方达战略新兴产业股票C,320338.75,中际旭创,8.38,115.01,46427.48,4.6427
010392,易方达战略新兴产业股票C,320338.75,腾讯控股,7.53,68.96,41741.88,4.1742
010392,易方达战略新兴产业股票C,320338.75,新易盛,7.29,110.51,40422.49,4.0422
010392,易方达战略新兴产业股票C,320338.75,沪电股份,6.93,522.54,38390.94,3.8391
010392,易方达战略新兴产业股票C,320338.75,工业富联,6.69,561.45,37061.59,3.7062
010392,易方达战略新兴产业股票C,320338.75,深南电路,5.35,136.85,29647.12,2.9647
010392,易方达战略新兴产业股票C,320338.75,阿里巴巴-W,4.23,144.95,23423.55,2.3424
010392,易方达战略新兴产业股票C,320338.75,中芯国际,3.88,296.25,21515.91,2.1516
010392,易方达战略新兴产业股票C,320338.75,景旺电子,3.85,338.85,21337.54,2.1338
010392,易方达战略新兴产业股票C,320338.75,中科曙光,3.68,170.82,20370.25,2.037
001407,景顺长城稳健回报混合C,306333.14,工业富联,7.9,725.35,47880.35,4.788
001407,景顺长城稳健回报混合C,306333.14,中际旭创,7.58,113.76,45922.64,4.5923
001407,景顺长城稳健回报混合C,306333.14,新易盛,7.48,124.01,45357.67,4.5358
001407,景顺长城稳健回报混合C,306333.14,新泉股份,5.84,425.96,35372.03,3.5372
001407,景顺长城稳健回报混合C,306333.14,寒武纪,5.7,26.07,34537.19,3.4537
001407,景顺长城稳健回报混合C,306333.14,三花智控,4.6,575.67,27879.7,2.788
001407,景顺长城稳健回报混合C,306333.14,生益科技,3.1,347.78,18787.08,1.8787
001407,景顺长城稳健回报混合C,306333.14,ST华通,2.99,875.23,18126.01,1.8126
001407,景顺长城稳健回报混合C,306333.14,科华数据,2.75,232.95,16656.21,1.6656
001407,景顺长城稳健回报混合C,306333.14,统联精密,2.61,253.23,15814.26,1.5814
011120,富国创新科技混合C,301521.04,新易盛,9.3,134.5,49196.07,4.9196
011120,富国创新科技混合C,301521.04,工业富联,8.73,700.0,46207.0,4.6207
011120,富国创新科技混合C,301521.04,中际旭创,8.39,110.0,44404.8,4.4405
011120,富国创新科技混合C,301521.04,沪电股份,5.55,400.0,29388.0,2.9388
011120,富国创新科技混合C,301521.04,东山精密,5.41,400.0,28600.0,2.86
011120,富国创新科技混合C,301521.04,寒武纪,5.01,20.0,26504.37,2.6504
011120,富国创新科技混合C,301521.04,世运电路,3.88,450.0,20515.5,2.0516
011120,富国创新科技混合C,301521.04,兆易创新,3.83,95.0,20263.5,2.0264
011120,富国创新科技混合C,301521.04,天孚通信,3.65,115.0,19297.0,1.9297
011120,富国创新科技混合C,301521.04,腾景科技,3.24,145.0,17144.8,1.7145
013533,广发科技创新混合C,295277.79,杰普特,8.48,284.91,40277.06,4.0277
013533,广发科技创新混合C,295277.79,协创数据,8.42,219.76,39993.39,3.9993
013533,广发科技创新混合C,295277.79,新泉股份,7.81,447.09,37126.09,3.7126
013533,广发科技创新混合C,295277.79,巨人网络,6.92,728.18,32899.17,3.2899
013533,广发科技创新混合C,295277.79,长盈精密,5.9,672.62,28034.8,2.8035
013533,广发科技创新混合C,295277.79,广东宏大,5.74,618.66,27282.76,2.7283
013533,广发科技创新混合C,295277.79,德明利,5.12,118.73,24302.84,2.4303
013533,广发科技创新混合C,295277.79,寒武纪,4.75,17.02,22549.38,2.2549
013533,广发科技创新混合C,295277.79,华丰科技,4.53,218.77,21527.02,2.1527
013533,广发科技创新混合C,295277.79,美湖股份,4.48,478.11,21285.28,2.1285
016600,万家品质生活混合C,294289.36,兆易创新,9.71,189.06,40326.6,4.0327
016600,万家品质生活混合C,294289.36,海光信息,9.63,158.27,39979.66,3.998
016600,万家品质生活混合C,294289.36,新易盛,9.4,106.69,39023.38,3.9023
016600,万家品质生活混合C,294289.36,中际旭创,9.21,94.75,38250.29,3.825
016600,万家品质生活混合C,294289.36,天孚通信,8.0,197.94,33214.94,3.3215
016600,万家品质生活混合C,294289.36,中兴通讯,6.66,605.98,27656.93,2.7657
016600,万家品质生活混合C,294289.36,恒玄科技,6.4,89.34,26579.87,2.658
016600,万家品质生活混合C,294289.36,乐鑫科技,4.74,90.81,19692.12,1.9692
016600,万家品质生活混合C,294289.36,荃银高科,3.58,1619.42,14850.1,1.485
016600,万家品质生活混合C,294289.36,潞安环能,3.54,1033.39,14715.47,1.4715
009645,东方阿尔法优势产业混合C,292619.62,胜宏科技,9.5,131.49,37540.4,3.754
009645,东方阿尔法优势产业混合C,292619.62,寒武纪,9.05,26.99,35761.09,3.5761
009645,东方阿尔法优势产业混合C,292619.62,兆易创新,8.36,154.91,33042.3,3.3042
009645,东方阿尔法优势产业混合C,292619.62,芯原股份,7.67,165.52,30290.64,3.0291
009645,东方阿尔法优势产业混合C,292619.62,锐捷网络,7.33,323.88,28958.0,2.8958
009645,东方阿尔法优势产业混合C,292619.62,瑞芯微,6.91,120.99,27289.29,2.7289
009645,东方阿尔法优势产业混合C,292619.62,英维克,6.57,324.84,25980.83,2.5981
009645,东方阿尔法优势产业混合C,292619.62,华丰科技,6.4,257.1,25298.35,2.5298
009645,东方阿尔法优势产业混合C,292619.62,盛科通信,6.27,195.75,24766.13,2.4766
009645,东方阿尔法优势产业混合C,292619.62,中科曙光,6.0,198.68,23692.59,2.3693
002207,前海开源金银珠宝混合C,279228.58,兴业银锡,9.32,943.82,31042.25,3.1042
002207,前海开源金银珠宝混合C,279228.58,紫金矿业,9.2,1040.18,30622.89,3.0623
002207,前海开源金银珠宝混合C,279228.58,中金黄金,9.06,1375.04,30154.65,3.0155
002207,前海开源金银珠宝混合C,279228.58,盛达资源,8.91,1121.69,29657.58,2.9658
002207,前海开源金银珠宝混合C,279228.58,赤峰黄金,8.88,999.06,29552.34,2.9552
002207,前海开源金银珠宝混合C,279228.58,湖南黄金,8.47,1256.08,28186.38,2.8186
002207,前海开源金银珠宝混合C,279228.58,株冶集团,8.12,1665.01,27023.11,2.7023
002207,前海开源金银珠宝混合C,279228.58,山东黄金,8.06,682.22,26831.9,2.6832
002207,前海开源金银珠宝混合C,279228.58,西部黄金,7.25,807.32,24138.87,2.4139
002207,前海开源金银珠宝混合C,279228.58,山金国际,6.61,964.46,22018.61,2.2019
014855,嘉实中证半导体指数增强发起式C,270638.11,中微公司,9.74,130.65,39063.64,3.9064
014855,嘉实中证半导体指数增强发起式C,270638.11,北方华创,9.7,85.98,38894.46,3.8894
014855,嘉实中证半导体指数增强发起式C,270638.11,寒武纪,9.29,28.13,37270.4,3.727
014855,嘉实中证半导体指数增强发起式C,270638.11,中芯国际,9.28,265.47,37200.96,3.7201
014855,嘉实中证半导体指数增强发起式C,270638.11,海光信息,7.84,124.49,31445.8,3.1446
014855,嘉实中证半导体指数增强发起式C,270638.11,长川科技,5.19,208.93,20814.09,2.0814
014855,嘉实中证半导体指数增强发起式C,270638.11,华海清科,5.18,125.8,20782.52,2.0783
014855,嘉实中证半导体指数增强发起式C,270638.11,拓荆科技,4.8,74.01,19255.64,1.9256
014855,嘉实中证半导体指数增强发起式C,270638.11,中科飞测,3.34,115.48,13398.99,1.3399
014855,嘉实中证半导体指数增强发起式C,270638.11,南大光电,3.12,288.15,12511.61,1.2512
009708,工银新兴制造混合C,262303.97,中芯国际,8.94,512.35,37211.98,3.7212
009708,工银新兴制造混合C,262303.97,海光信息,8.89,146.44,36989.71,3.699
009708,工银新兴制造混合C,262303.97,中微公司,8.07,112.36,33593.62,3.3594
009708,工银新兴制造混合C,262303.97,寒武纪,7.96,24.99,33110.96,3.3111
009708,工银新兴制造混合C,262303.97,芯源微,6.48,181.09,26981.9,2.6982
009708,工银新兴制造混合C,262303.97,北方华创,6.04,55.58,25144.02,2.5144
009708,工银新兴制造混合C,262303.97,中科飞测,5.29,189.74,22015.2,2.2015
009708,工银新兴制造混合C,262303.97,兆易创新,4.69,91.58,19534.44,1.9534
009708,工银新兴制造混合C,262303.97,晶晨股份,3.46,129.41,14388.09,1.4388
009708,工银新兴制造混合C,262303.97,华峰测控,3.2,64.01,13334.05,1.3334
013620,华安媒体互联网混合C,259614.89,分众传媒,4.71,3828.53,30857.93,3.0858
013620,华安媒体互联网混合C,259614.89,中兴通讯,4.65,667.48,30463.77,3.0464
013620,华安媒体互联网混合C,259614.89,寒武纪,4.38,21.67,28708.38,2.8708
013620,华安媒体互联网混合C,259614.89,中国平安,4.31,511.95,28213.56,2.8214
013620,华安媒体互联网混合C,259614.89,中芯国际,4.11,192.03,26908.73,2.6909
013620,华安媒体互联网混合C,259614.89,天孚通信,3.98,155.43,26081.36,2.6081
013620,华安媒体互联网混合C,259614.89,华虹公司,3.95,226.03,25894.25,2.5894
013620,华安媒体互联网混合C,259614.89,浪潮信息,3.35,294.95,21950.33,2.195
013620,华安媒体互联网混合C,259614.89,昆仑万维,3.27,441.2,21437.91,2.1438
013620,华安媒体互联网混合C,259614.89,南方传媒,2.91,1453.48,19098.67,1.9099
011301,易方达智造优势混合C,259556.13,宁德时代,9.74,102.79,41323.35,4.1323
011301,易方达智造优势混合C,259556.13,新易盛,9.32,108.07,39527.3,3.9527
011301,易方达智造优势混合C,259556.13,中际旭创,8.96,94.13,37999.08,3.7999
011301,易方达智造优势混合C,259556.13,阳光电源,8.24,215.84,34961.73,3.4962
011301,易方达智造优势混合C,259556.13,生益科技,5.95,467.47,25252.68,2.5253
011301,易方达智造优势混合C,259556.13,华虹半导体,4.79,278.1,20311.98,2.0312
011301,易方达智造优势混合C,259556.13,烽火通信,4.21,651.41,17881.28,1.7881
011301,易方达智造优势混合C,259556.13,中芯国际,4.03,235.45,17100.16,1.71
011301,易方达智造优势混合C,259556.13,工业富联,3.27,210.47,13893.14,1.3893
011301,易方达智造优势混合C,259556.13,江西铜业股份,2.66,406.0,11305.43,1.1305
012922,易方达全球成长精选混合(QDII)人民...,250622.5,台积电,6.75,20.31,40301.72,4.0302
012922,易方达全球成长精选混合(QDII)人民...,250622.5,英伟达,6.65,29.94,39693.58,3.9694
012922,易方达全球成长精选混合(QDII)人民...,250622.5,谷歌-A,5.13,17.73,30626.38,3.0626
012922,易方达全球成长精选混合(QDII)人民...,250622.5,博通,4.65,11.85,27777.07,2.7777
012922,易方达全球成长精选混合(QDII)人民...,250622.5,天弘科技,3.66,12.5,21883.16,2.1883
012922,易方达全球成长精选混合(QDII)人民...,250622.5,阿里巴巴-W,3.47,128.08,20697.4,2.0697
012922,易方达全球成长精选混合(QDII)人民...,250622.5,美光科技,3.23,16.24,19305.59,1.9306
012922,易方达全球成长精选混合(QDII)人民...,250622.5,欣旺达,2.82,498.56,16846.41,1.6846
012922,易方达全球成长精选混合(QDII)人民...,250622.5,聚辰股份,2.82,103.67,16843.87,1.6844
012922,易方达全球成长精选混合(QDII)人民...,250622.5,澜起科技,2.79,107.54,16647.32,1.6647
011412,易方达远见成长混合C,239778.12,仕佳光子,9.89,402.58,28704.13,2.8704
011412,易方达远见成长混合C,239778.12,沪电股份,9.59,379.0,27845.31,2.7845
011412,易方达远见成长混合C,239778.12,新易盛,9.54,75.73,27699.98,2.77
011412,易方达远见成长混合C,239778.12,英维克,9.49,344.37,27542.78,2.7543
011412,易方达远见成长混合C,239778.12,长芯博创,9.41,256.97,27308.4,2.7308
011412,易方达远见成长混合C,239778.12,中际旭创,9.41,67.64,27305.16,2.7305
011412,易方达远见成长混合C,239778.12,深南电路,7.27,97.45,21110.92,2.1111
011412,易方达远见成长混合C,239778.12,天孚通信,7.11,123.06,20649.43,2.0649
011412,易方达远见成长混合C,239778.12,源杰科技,5.92,40.04,17177.67,1.7178
011412,易方达远见成长混合C,239778.12,澜起科技,4.97,93.25,14434.34,1.4434
011823,易方达产业升级混合C,227768.37,新易盛,9.82,98.65,36083.91,3.6084
011823,易方达产业升级混合C,227768.37,宁德时代,9.81,89.67,36048.14,3.6048
011823,易方达产业升级混合C,227768.37,中际旭创,8.91,81.07,32727.35,3.2727
011823,易方达产业升级混合C,227768.37,阳光电源,7.94,180.11,29174.62,2.9175
011823,易方达产业升级混合C,227768.37,生益科技,6.26,425.87,23005.5,2.3006
011823,易方达产业升级混合C,227768.37,华虹半导体,4.86,244.7,17872.5,1.7872
011823,易方达产业升级混合C,227768.37,烽火通信,4.55,609.32,16725.83,1.6726
011823,易方达产业升级混合C,227768.37,工业富联,3.87,215.53,14226.98,1.4227
011823,易方达产业升级混合C,227768.37,三环集团,3.01,238.85,11065.92,1.1066
011823,易方达产业升级混合C,227768.37,江西铜业股份,2.95,389.2,10837.62,1.0838
010827,大成产业趋势混合C,224531.7,兴业银锡,9.82,1038.71,34163.07,3.4163
010827,大成产业趋势混合C,224531.7,山东黄金,9.28,957.23,32282.87,3.2283
010827,大成产业趋势混合C,224531.7,锡业股份,8.1,1218.25,28190.35,2.819
010827,大成产业趋势混合C,224531.7,招金矿业,7.75,944.45,26954.37,2.6954
010827,大成产业趋势混合C,224531.7,华泰证券,6.5,1204.64,22634.14,2.2634
010827,大成产业趋势混合C,224531.7,中金黄金,5.02,796.03,17456.95,1.7457
010827,大成产业趋势混合C,224531.7,中曼石油,4.84,863.44,16828.45,1.6828
010827,大成产业趋势混合C,224531.7,赛轮轮胎,4.8,1162.61,16718.4,1.6718
010827,大成产业趋势混合C,224531.7,中远海能,4.59,1941.2,15985.94,1.5986
010827,大成产业趋势混合C,224531.7,海南橡胶,3.83,2466.14,13317.16,1.3317
015690,富国中小盘精选混合C,221510.12,深南电路,9.39,187.84,40693.7,4.0694
015690,富国中小盘精选混合C,221510.12,兆易创新,6.48,131.62,28074.55,2.8075
015690,富国中小盘精选混合C,221510.12,巨人网络,6.34,607.45,27444.61,2.7445
015690,富国中小盘精选混合C,221510.12,东山精密,5.21,315.88,22585.42,2.2585
015690,富国中小盘精选混合C,221510.12,新易盛,5.17,61.19,22381.8,2.2382
015690,富国中小盘精选混合C,221510.12,中际旭创,4.86,52.13,21044.65,2.1045
015690,富国中小盘精选混合C,221510.12,沪电股份,3.61,213.04,15652.2,1.5652
015690,富国中小盘精选混合C,221510.12,华曙高科,3.5,288.46,15181.89,1.5182
015690,富国中小盘精选混合C,221510.12,绿联科技,3.38,235.74,14629.6,1.463
015690,富国中小盘精选混合C,221510.12,瑞芯微,3.19,61.28,13821.7,1.3822
011840,天弘中证人工智能C,216312.84,新易盛,11.28,114.51,41884.18,4.1884
011840,天弘中证人工智能C,216312.84,中际旭创,11.15,102.59,41411.92,4.1412
011840,天弘中证人工智能C,216312.84,寒武纪,8.58,24.06,31885.73,3.1886
011840,天弘中证人工智能C,216312.84,澜起科技,5.51,132.12,20452.72,2.0453
011840,天弘中证人工智能C,216312.84,中科曙光,5.42,168.84,20134.17,2.0134
011840,天弘中证人工智能C,216312.84,科大讯飞,4.03,266.76,14951.77,1.4952
011840,天弘中证人工智能C,216312.84,豪威集团,4.0,98.31,14861.89,1.4862
011840,天弘中证人工智能C,216312.84,海康威视,3.62,426.22,13434.39,1.3434
011840,天弘中证人工智能C,216312.84,浪潮信息,2.38,118.91,8848.91,0.8849
011840,天弘中证人工智能C,216312.84,金山办公,2.27,26.69,8447.16,0.8447
014728,易方达成长动力混合C,212910.64,新易盛,9.27,107.05,39154.43,3.9154
014728,易方达成长动力混合C,212910.64,工业富联,9.22,589.79,38931.99,3.8932
014728,易方达成长动力混合C,212910.64,中际旭创,6.62,69.2,27936.31,2.7936
014728,易方达成长动力混合C,212910.64,深南电路,5.89,114.72,24853.2,2.4853
014728,易方达成长动力混合C,212910.64,欣旺达,4.58,572.26,19336.67,1.9337
014728,易方达成长动力混合C,212910.64,沪电股份,4.43,254.4,18690.57,1.8691
014728,易方达成长动力混合C,212910.64,腾讯控股,3.93,27.41,16591.43,1.6591
014728,易方达成长动力混合C,212910.64,大族激光,2.5,258.93,10541.02,1.0541
014728,易方达成长动力混合C,212910.64,ST华通,2.04,416.81,8632.05,0.8632
014728,易方达成长动力混合C,212910.64,中天科技,1.95,435.68,8242.97,0.8243
010004,景顺长城电子信息产业股票C,209328.86,安集科技,8.22,126.89,28985.93,2.8986
010004,景顺长城电子信息产业股票C,209328.86,思特威,7.52,222.78,26547.04,2.6547
010004,景顺长城电子信息产业股票C,209328.86,睿创微纳,6.42,256.31,22667.71,2.2668
010004,景顺长城电子信息产业股票C,209328.86,九号公司,6.31,334.48,22279.41,2.2279
010004,景顺长城电子信息产业股票C,209328.86,中芯国际,5.81,282.4,20510.02,2.051
010004,景顺长城电子信息产业股票C,209328.86,平安好医生,5.26,1109.58,18548.48,1.8548
010004,景顺长城电子信息产业股票C,209328.86,中船特气,5.1,409.05,17981.71,1.7982
010004,景顺长城电子信息产业股票C,209328.86,阿里巴巴-W,5.06,110.4,17840.36,1.784
010004,景顺长城电子信息产业股票C,209328.86,奕瑞科技,4.95,151.43,17469.61,1.747
010004,景顺长城电子信息产业股票C,209328.86,地平线机器人-W,4.68,1886.34,16498.59,1.6499
016616,国泰估值优势混合(LOF)C,207277.42,聚和材料,9.77,341.36,27971.13,2.7971
016616,国泰估值优势混合(LOF)C,207277.42,良信股份,8.92,2250.98,25548.6,2.5549
016616,国泰估值优势混合(LOF)C,207277.42,凯迪股份,8.56,260.39,24502.6,2.4503
016616,国泰估值优势混合(LOF)C,207277.42,新泉股份,8.32,286.78,23814.46,2.3814
016616,国泰估值优势混合(LOF)C,207277.42,峰岹科技,7.82,92.04,22386.97,2.2387
016616,国泰估值优势混合(LOF)C,207277.42,思源电气,6.76,177.69,19371.72,1.9372
016616,国泰估值优势混合(LOF)C,207277.42,骏鼎达,6.19,189.01,17728.99,1.7729
016616,国泰估值优势混合(LOF)C,207277.42,石英股份,5.95,420.66,17028.32,1.7028
016616,国泰估值优势混合(LOF)C,207277.42,翔楼新材,5.52,264.41,15809.25,1.5809
016616,国泰估值优势混合(LOF)C,207277.42,凌云股份,4.58,942.2,13115.38,1.3115
014162,万家人工智能混合C,205010.93,新易盛,9.46,73.52,26892.87,2.6893
014162,万家人工智能混合C,205010.93,中际旭创,9.44,66.49,26842.5,2.6842
014162,万家人工智能混合C,205010.93,寒武纪,9.1,19.53,25878.84,2.5879
014162,万家人工智能混合C,205010.93,海光信息,8.11,91.26,23053.08,2.3053
014162,万家人工智能混合C,205010.93,麦格米特,6.93,254.37,19705.72,1.9706
014162,万家人工智能混合C,205010.93,工业富联,6.82,293.91,19400.81,1.9401
014162,万家人工智能混合C,205010.93,兴森科技,6.29,807.85,17869.64,1.787
014162,万家人工智能混合C,205010.93,天孚通信,5.66,95.81,16076.58,1.6077
014162,万家人工智能混合C,205010.93,盛科通信,5.19,116.53,14743.58,1.4744
014162,万家人工智能混合C,205010.93,中科曙光,5.12,121.99,14547.31,1.4547
007450,兴全多维价值混合C,198011.21,海光信息,5.9,127.24,32141.53,3.2142
007450,兴全多维价值混合C,198011.21,中芯国际,4.03,302.3,21955.31,2.1955
007450,兴全多维价值混合C,198011.21,国力电子,3.87,286.68,21067.95,2.1068
007450,兴全多维价值混合C,198011.21,立讯精密,3.51,295.52,19116.99,1.9117
007450,兴全多维价值混合C,198011.21,腾讯控股,3.49,31.44,19028.88,1.9029
007450,兴全多维价值混合C,198011.21,信达生物,3.4,210.65,18539.57,1.854
007450,兴全多维价值混合C,198011.21,阿里巴巴-W,3.28,110.8,17905.0,1.7905
007450,兴全多维价值混合C,198011.21,众生药业,3.06,963.79,16654.32,1.6654
007450,兴全多维价值混合C,198011.21,三环集团,3.05,359.05,16634.79,1.6635
007450,兴全多维价值混合C,198011.21,恒立液压,2.75,159.7,14966.87,1.4967
007465,交银创业板50指数C,196895.9,宁德时代,22.68,171.88,69095.0,6.9095
007465,交银创业板50指数C,196895.9,中际旭创,7.65,57.72,23301.18,2.3301
007465,交银创业板50指数C,196895.9,东方财富,7.44,835.65,22662.7,2.2663
007465,交银创业板50指数C,196895.9,新易盛,7.06,58.78,21498.64,2.1499
007465,交银创业板50指数C,196895.9,阳光电源,5.19,97.66,15819.29,1.5819
007465,交银创业板50指数C,196895.9,胜宏科技,3.83,40.83,11656.97,1.1657
007465,交银创业板50指数C,196895.9,汇川技术,3.65,132.56,11111.34,1.1111
007465,交银创业板50指数C,196895.9,迈瑞医疗,2.96,36.66,9008.05,0.9008
007465,交银创业板50指数C,196895.9,亿纬锂能,2.52,84.28,7669.04,0.7669
007465,交银创业板50指数C,196895.9,同花顺,1.67,13.65,5073.69,0.5074
011892,易方达先锋成长混合C,174833.43,仕佳光子,9.89,285.64,20366.45,2.0366
011892,易方达先锋成长混合C,174833.43,沪电股份,9.62,269.59,19806.78,1.9807
011892,易方达先锋成长混合C,174833.43,新易盛,9.57,53.91,19719.47,1.9719
011892,易方达先锋成长混合C,174833.43,英维克,9.54,245.57,19640.73,1.9641
011892,易方达先锋成长混合C,174833.43,长芯博创,9.47,183.46,19496.69,1.9497
011892,易方达先锋成长混合C,174833.43,中际旭创,9.44,48.18,19448.7,1.9449
011892,易方达先锋成长混合C,174833.43,天孚通信,9.18,112.65,18902.54,1.8903
011892,易方达先锋成长混合C,174833.43,深南电路,7.32,69.6,15079.05,1.5079
011892,易方达先锋成长混合C,174833.43,源杰科技,5.89,28.27,12126.54,1.2127
011892,易方达先锋成长混合C,174833.43,澜起科技,4.98,66.19,10246.48,1.0246
014320,德邦半导体产业混合发起式C,172245.12,江波龙,5.98,120.0,21363.6,2.1364
014320,德邦半导体产业混合发起式C,172245.12,中芯国际,5.49,270.0,19610.1,1.961
014320,德邦半导体产业混合发起式C,172245.12,兆易创新,5.37,90.0,19197.0,1.9197
014320,德邦半导体产业混合发起式C,172245.12,澜起科技,4.86,112.24,17374.41,1.7374
014320,德邦半导体产业混合发起式C,172245.12,胜宏科技,4.77,59.69,17041.5,1.7042
014320,德邦半导体产业混合发起式C,172245.12,海光信息,4.45,63.0,15913.8,1.5914
014320,德邦半导体产业混合发起式C,172245.12,芯原股份,4.35,85.0,15555.0,1.5555
014320,德邦半导体产业混合发起式C,172245.12,寒武纪,4.35,11.72,15534.96,1.5535
014320,德邦半导体产业混合发起式C,172245.12,佰维存储,4.33,148.37,15474.55,1.5475
014320,德邦半导体产业混合发起式C,172245.12,乐鑫科技,4.25,70.0,15180.2,1.518
003305,前海开源沪港深核心资源混合C,163496.44,紫金矿业,8.79,684.83,20161.4,2.0161
003305,前海开源沪港深核心资源混合C,163496.44,金力永磁,8.31,555.77,19057.48,1.9057
003305,前海开源沪港深核心资源混合C,163496.44,北方稀土,8.14,386.28,18657.32,1.8657
003305,前海开源沪港深核心资源混合C,163496.44,盛和资源,7.86,782.28,18031.55,1.8032
003305,前海开源沪港深核心资源混合C,163496.44,广晟有色,7.75,307.76,17769.8,1.777
003305,前海开源沪港深核心资源混合C,163496.44,宁波韵升,7.41,1188.07,17001.28,1.7001
003305,前海开源沪港深核心资源混合C,163496.44,中国稀土,7.35,325.53,16846.18,1.6846
003305,前海开源沪港深核心资源混合C,163496.44,湖南黄金,5.59,571.59,12826.58,1.2827
003305,前海开源沪港深核心资源混合C,163496.44,招金矿业,5.46,438.7,12520.39,1.252
003305,前海开源沪港深核心资源混合C,163496.44,兴业银锡,4.63,323.03,10624.46,1.0624
009995,嘉实创新先锋混合C,161232.15,阿里巴巴-W,9.01,135.82,21948.17,2.1948
009995,嘉实创新先锋混合C,161232.15,立讯精密,8.53,321.09,20771.36,2.0771
009995,嘉实创新先锋混合C,161232.15,中芯国际,8.38,281.0,20408.34,2.0408
009995,嘉实创新先锋混合C,161232.15,腾讯控股,7.94,31.93,19327.35,1.9327
009995,嘉实创新先锋混合C,161232.15,中微公司,6.71,54.67,16346.32,1.6346
009995,嘉实创新先锋混合C,161232.15,纳芯微,5.79,70.54,14106.37,1.4106
009995,嘉实创新先锋混合C,161232.15,北方华创,5.16,27.81,12578.32,1.2578
009995,嘉实创新先锋混合C,161232.15,华虹半导体,5.11,170.39,12445.27,1.2445
009995,嘉实创新先锋混合C,161232.15,思特威,4.98,101.7,12118.92,1.2119
009995,嘉实创新先锋混合C,161232.15,南芯科技,4.59,216.74,11181.73,1.1182
006888,诺德新生活混合C,159753.24,源杰科技,9.77,43.98,18868.36,1.8868
006888,诺德新生活混合C,159753.24,新易盛,9.17,48.43,17713.62,1.7714
006888,诺德新生活混合C,159753.24,深南电路,8.54,76.13,16491.89,1.6492
006888,诺德新生活混合C,159753.24,海光信息,8.31,63.58,16059.68,1.606
006888,诺德新生活混合C,159753.24,中际旭创,8.17,39.12,15791.52,1.5792
006888,诺德新生活混合C,159753.24,生益电子,7.91,194.63,15278.53,1.5279
006888,诺德新生活混合C,159753.24,天孚通信,7.89,90.82,15239.14,1.5239
006888,诺德新生活混合C,159753.24,胜宏科技,7.83,52.99,15129.64,1.513
006888,诺德新生活混合C,159753.24,沪电股份,7.76,204.07,14993.02,1.4993
006888,诺德新生活混合C,159753.24,寒武纪,7.34,10.71,14187.84,1.4188
020398,中银港股通医药混合发起C,157513.4,康方生物,8.69,152.07,19603.26,1.9603
020398,中银港股通医药混合发起C,157513.4,百济神州,8.63,103.94,19471.79,1.9472
020398,中银港股通医药混合发起C,157513.4,信达生物,8.53,218.67,19245.43,1.9245
020398,中银港股通医药混合发起C,157513.4,科伦博泰生物-B,8.38,40.27,18897.57,1.8898
020398,中银港股通医药混合发起C,157513.4,翰森制药,8.16,558.86,18398.94,1.8399
020398,中银港股通医药混合发起C,157513.4,映恩生物-B,7.36,50.05,16614.57,1.6615
020398,中银港股通医药混合发起C,157513.4,恒瑞医药,6.92,192.52,15608.1,1.5608
020398,中银港股通医药混合发起C,157513.4,诺诚健华,4.6,607.5,10382.77,1.0383
020398,中银港股通医药混合发起C,157513.4,荣昌生物,4.38,92.26,9871.66,0.9872
020398,中银港股通医药混合发起C,157513.4,中国生物制药,4.18,1267.46,9419.31,0.9419
001301,大成睿景灵活配置混合C,150553.86,山东黄金,9.87,572.21,22504.91,2.2505
001301,大成睿景灵活配置混合C,150553.86,兴业银锡,9.81,679.56,22350.73,2.2351
001301,大成睿景灵活配置混合C,150553.86,锡业股份,8.24,811.32,18774.06,1.8774
001301,大成睿景灵活配置混合C,150553.86,华泰证券,7.43,778.41,16945.99,1.6946
001301,大成睿景灵活配置混合C,150553.86,中金黄金,6.98,725.05,15900.24,1.59
001301,大成睿景灵活配置混合C,150553.86,赛轮轮胎,6.15,975.39,14026.07,1.4026
001301,大成睿景灵活配置混合C,150553.86,中国太保,4.81,311.94,10955.33,1.0955
001301,大成睿景灵活配置混合C,150553.86,中曼石油,4.68,547.24,10665.68,1.0666
001301,大成睿景灵活配置混合C,150553.86,海南橡胶,4.14,1748.96,9444.38,0.9444
001301,大成睿景灵活配置混合C,150553.86,招商轮船,3.94,1011.99,8986.47,0.8986
519022,国泰金泰灵活配置混合C,148774.33,顺丰控股,8.85,442.69,17853.73,1.7854
519022,国泰金泰灵活配置混合C,148774.33,传音控股,8.43,180.57,17009.52,1.701
519022,国泰金泰灵活配置混合C,148774.33,美的集团,8.35,231.73,16837.82,1.6838
519022,国泰金泰灵活配置混合C,148774.33,东鹏饮料,7.91,52.94,15954.01,1.5954
519022,国泰金泰灵活配置混合C,148774.33,宁德时代,7.87,39.49,15874.14,1.5874
519022,国泰金泰灵活配置混合C,148774.33,立讯精密,7.83,243.97,15782.35,1.5782
519022,国泰金泰灵活配置混合C,148774.33,百济神州,6.94,45.62,14002.19,1.4002
519022,国泰金泰灵活配置混合C,148774.33,恒瑞医药,6.61,186.31,13330.42,1.333
519022,国泰金泰灵活配置混合C,148774.33,贵州茅台,5.94,8.3,11979.34,1.1979
519022,国泰金泰灵活配置混合C,148774.33,迈瑞医疗,5.03,41.32,10150.81,1.0151
008920,永赢科技驱动C,147840.55,源杰科技,10.07,51.49,22088.52,2.2089
008920,永赢科技驱动C,147840.55,天孚通信,9.25,120.9,20286.82,2.0287
008920,永赢科技驱动C,147840.55,生益科技,8.19,332.43,17957.87,1.7958
008920,永赢科技驱动C,147840.55,德科立,7.06,127.93,15481.56,1.5482
008920,永赢科技驱动C,147840.55,中际旭创,6.57,35.7,14411.38,1.4411
008920,永赢科技驱动C,147840.55,七一二,6.17,618.14,13531.16,1.3531
008920,永赢科技驱动C,147840.55,航发动力,5.3,275.53,11621.86,1.1622
008920,永赢科技驱动C,147840.55,嘉元科技,5.12,299.6,11240.83,1.1241
008920,永赢科技驱动C,147840.55,长芯博创,4.94,102.07,10846.98,1.0847
008920,永赢科技驱动C,147840.55,沪电股份,4.73,141.19,10373.57,1.0374
015152,东吴嘉禾优势精选混合C,147329.23,立讯精密,9.41,290.0,18760.1,1.876
015152,东吴嘉禾优势精选混合C,147329.23,豪威集团,9.37,123.61,18686.12,1.8686
015152,东吴嘉禾优势精选混合C,147329.23,新易盛,9.36,51.0,18654.27,1.8654
015152,东吴嘉禾优势精选混合C,147329.23,德赛西威,8.95,118.02,17848.1,1.7848
015152,东吴嘉禾优势精选混合C,147329.23,中际旭创,8.1,40.0,16147.2,1.6147
015152,东吴嘉禾优势精选混合C,147329.23,兆易创新,7.5,70.09,14950.2,1.495
015152,东吴嘉禾优势精选混合C,147329.23,歌尔股份,6.77,360.01,13500.38,1.35
015152,东吴嘉禾优势精选混合C,147329.23,拓普集团,5.08,125.0,10123.75,1.0124
015152,东吴嘉禾优势精选混合C,147329.23,瑞芯微,4.75,42.01,9475.36,0.9475
015152,东吴嘉禾优势精选混合C,147329.23,沪电股份,4.61,125.0,9183.75,0.9184
005300,万家成长优选混合C,145152.14,中际旭创,9.54,46.04,18584.62,1.8585
005300,万家成长优选混合C,145152.14,新易盛,9.39,50.03,18300.53,1.8301
005300,万家成长优选混合C,145152.14,寒武纪,9.37,13.78,18261.68,1.8262
005300,万家成长优选混合C,145152.14,海光信息,8.08,62.31,15738.47,1.5738
005300,万家成长优选混合C,145152.14,麦格米特,7.97,200.51,15533.73,1.5534
005300,万家成长优选混合C,145152.14,兴森科技,7.03,618.87,13689.4,1.3689
005300,万家成长优选混合C,145152.14,工业富联,6.78,200.06,13205.96,1.3206
005300,万家成长优选混合C,145152.14,天孚通信,6.01,69.73,11700.02,1.17
005300,万家成长优选混合C,145152.14,盛科通信,5.18,79.72,10086.15,1.0086
005300,万家成长优选混合C,145152.14,中科曙光,5.16,84.29,10051.58,1.0052
005763,中欧电子信息产业沪港深股票C,143758.57,阿里巴巴-W,6.35,139.38,22523.45,2.2523
005763,中欧电子信息产业沪港深股票C,143758.57,九方智投控股,5.98,311.35,21205.52,2.1206
005763,中欧电子信息产业沪港深股票C,143758.57,中芯国际,5.32,259.6,18854.11,1.8854
005763,中欧电子信息产业沪港深股票C,143758.57,金蝶国际,3.5,775.08,12397.72,1.2398
005763,中欧电子信息产业沪港深股票C,143758.57,同花顺,3.46,33.01,12273.54,1.2274
005763,中欧电子信息产业沪港深股票C,143758.57,海光信息,3.46,48.56,12267.24,1.2267
005763,中欧电子信息产业沪港深股票C,143758.57,兆易创新,3.3,54.92,11713.82,1.1714
005763,中欧电子信息产业沪港深股票C,143758.57,快手-W,3.16,145.11,11208.02,1.1208
005763,中欧电子信息产业沪港深股票C,143758.57,上海复旦,3.07,262.1,10892.57,1.0893
005763,中欧电子信息产业沪港深股票C,143758.57,华虹半导体,2.94,142.7,10422.58,1.0423
012429,华夏核心制造混合C,143244.47,吉利汽车,6.57,1054.7,18825.09,1.8825
012429,华夏核心制造混合C,143244.47,工业富联,6.45,280.07,18487.42,1.8487
012429,华夏核心制造混合C,143244.47,中芯国际,6.41,252.78,18358.9,1.8359
012429,华夏核心制造混合C,143244.47,纳芯微,5.38,77.13,15424.36,1.5424
012429,华夏核心制造混合C,143244.47,腾讯控股,4.8,22.73,13760.11,1.376
012429,华夏核心制造混合C,143244.47,比亚迪电子,4.62,350.37,13223.77,1.3224
012429,华夏核心制造混合C,143244.47,宁德时代,4.15,29.58,11889.35,1.1889
012429,华夏核心制造混合C,143244.47,阿里巴巴-W,4.01,71.16,11499.13,1.1499
012429,华夏核心制造混合C,143244.47,思瑞浦,3.86,63.74,11048.07,1.1048
012429,华夏核心制造混合C,143244.47,科达利,3.74,54.82,10728.27,1.0728
016049,华商甄选回报混合C,143161.19,环旭电子,7.9,1444.14,31583.29,3.1583
016049,华商甄选回报混合C,143161.19,长飞光纤光缆,7.31,675.89,29200.02,2.92
016049,华商甄选回报混合C,143161.19,微创医疗,5.29,1679.12,21140.12,2.114
016049,华商甄选回报混合C,143161.19,固德威,2.77,171.04,11064.87,1.1065
016049,华商甄选回报混合C,143161.19,TCL中环,2.5,1106.0,10009.26,1.0009
016049,华商甄选回报混合C,143161.19,阳光保险,2.32,2641.8,9261.74,0.9262
016049,华商甄选回报混合C,143161.19,阿里巴巴-W,1.98,48.95,7910.87,0.7911
016049,华商甄选回报混合C,143161.19,阅文集团,1.95,216.28,7795.69,0.7796
016049,华商甄选回报混合C,143161.19,中国海洋石油,1.93,443.46,7708.76,0.7709
016049,华商甄选回报混合C,143161.19,金山云,1.87,998.8,7486.57,0.7487
010236,广发电子信息传媒股票C,140469.09,中际旭创,7.31,47.67,19243.43,1.9243
010236,广发电子信息传媒股票C,140469.09,兆易创新,7.28,89.75,19143.31,1.9143
010236,广发电子信息传媒股票C,140469.09,源杰科技,7.02,43.04,18466.18,1.8466
010236,广发电子信息传媒股票C,140469.09,海光信息,5.81,60.54,15293.39,1.5293
010236,广发电子信息传媒股票C,140469.09,新易盛,5.14,36.99,13530.56,1.3531
010236,广发电子信息传媒股票C,140469.09,税友股份,5.14,265.8,13510.43,1.351
010236,广发电子信息传媒股票C,140469.09,长盈精密,4.41,278.32,11600.47,1.16
010236,广发电子信息传媒股票C,140469.09,华勤技术,4.04,100.93,10633.98,1.0634
010236,广发电子信息传媒股票C,140469.09,寒武纪,3.63,7.21,9552.19,0.9552
010236,广发电子信息传媒股票C,140469.09,巨人网络,3.61,210.16,9495.15,0.9495
015683,景顺长城科技创新混合C,132512.51,中际旭创,8.61,47.8,19295.9,1.9296
015683,景顺长城科技创新混合C,132512.51,新易盛,8.56,52.49,19199.78,1.92
015683,景顺长城科技创新混合C,132512.51,腾讯控股,7.83,28.99,17547.81,1.7548
015683,景顺长城科技创新混合C,132512.51,阿里巴巴-W,6.49,90.0,14543.77,1.4544
015683,景顺长城科技创新混合C,132512.51,工业富联,6.34,215.38,14216.97,1.4217
015683,景顺长城科技创新混合C,132512.51,沪电股份,6.23,190.1,13966.48,1.3966
015683,景顺长城科技创新混合C,132512.51,拓普集团,4.6,127.44,10321.37,1.0321
015683,景顺长城科技创新混合C,132512.51,源杰科技,3.83,20.0,8580.0,0.858
015683,景顺长城科技创新混合C,132512.51,恺英网络,3.32,265.15,7445.29,0.7445
015683,景顺长城科技创新混合C,132512.51,小米集团-W,3.3,150.0,7395.14,0.7395
016465,兴证全球合瑞混合C,125765.84,宁德时代,7.79,54.78,22022.57,2.2023
016465,兴证全球合瑞混合C,125765.84,电连技术,5.51,273.32,15579.33,1.5579
016465,兴证全球合瑞混合C,125765.84,腾讯控股,4.89,22.85,13831.24,1.3831
016465,兴证全球合瑞混合C,125765.84,高伟电子,4.37,347.1,12358.92,1.2359
016465,兴证全球合瑞混合C,125765.84,三环集团,3.94,240.25,11130.9,1.1131
016465,兴证全球合瑞混合C,125765.84,信达生物,3.86,124.1,10922.2,1.0922
016465,兴证全球合瑞混合C,125765.84,东山精密,3.58,141.64,10127.4,1.0127
016465,兴证全球合瑞混合C,125765.84,继峰股份,3.55,757.36,10050.14,1.005
016465,兴证全球合瑞混合C,125765.84,立讯精密,3.54,154.55,9997.67,0.9998
016465,兴证全球合瑞混合C,125765.84,科博达,3.45,93.19,9745.47,0.9745
015039,长信金利趋势混合C,125217.19,宁德时代,3.99,55.0,22110.0,2.211
015039,长信金利趋势混合C,125217.19,长川科技,3.05,170.0,16935.4,1.6935
015039,长信金利趋势混合C,125217.19,水晶光电,2.38,500.0,13220.0,1.322
015039,长信金利趋势混合C,125217.19,中国人寿,2.18,305.0,12090.2,1.209
015039,长信金利趋势混合C,125217.19,中芯国际,2.02,80.0,11210.4,1.121
015039,长信金利趋势混合C,125217.19,双良节能,1.91,1750.0,10587.5,1.0588
015039,长信金利趋势混合C,125217.19,中际旭创,1.89,26.0,10495.68,1.0496
015039,长信金利趋势混合C,125217.19,中天科技,1.77,520.0,9838.4,0.9838
015039,长信金利趋势混合C,125217.19,以岭药业,1.7,595.0,9454.61,0.9455
015039,长信金利趋势混合C,125217.19,寒武纪,1.67,7.0,9275.0,0.9275
010655,天弘医药创新C,124440.4,药明合联,9.85,246.1,17592.79,1.7593
010655,天弘医药创新C,124440.4,药明生物,8.84,422.22,15796.97,1.5797
010655,天弘医药创新C,124440.4,博腾股份,8.57,593.96,15306.45,1.5306
010655,天弘医药创新C,124440.4,科伦博泰生物-B,8.5,32.36,15185.63,1.5186
010655,天弘医药创新C,124440.4,药明康德,6.94,110.64,12395.13,1.2395
010655,天弘医药创新C,124440.4,信达生物,6.76,137.1,12066.35,1.2066
010655,天弘医药创新C,124440.4,凯莱英,5.75,90.28,10264.8,1.0265
010655,天弘医药创新C,124440.4,康龙化成,5.61,280.2,10017.06,1.0017
010655,天弘医药创新C,124440.4,泰格医药,4.57,140.78,8165.37,0.8165
010655,天弘医药创新C,124440.4,百济神州,4.28,24.93,7649.85,0.765
011452,华泰柏瑞质量成长C,119453.02,新易盛,10.24,49.27,18020.98,1.8021
011452,华泰柏瑞质量成长C,119453.02,中际旭创,10.1,44.06,17787.35,1.7787
011452,华泰柏瑞质量成长C,119453.02,天孚通信,7.89,82.79,13892.83,1.3893
011452,华泰柏瑞质量成长C,119453.02,工业富联,7.17,191.13,12616.49,1.2616
011452,华泰柏瑞质量成长C,119453.02,长飞光纤光缆,6.54,266.35,11506.91,1.1507
011452,华泰柏瑞质量成长C,119453.02,仕佳光子,5.87,144.99,10337.91,1.0338
011452,华泰柏瑞质量成长C,119453.02,胜宏科技,5.61,34.59,9875.45,0.9875
011452,华泰柏瑞质量成长C,119453.02,深南电路,5.41,43.94,9519.16,0.9519
011452,华泰柏瑞质量成长C,119453.02,源杰科技,5.19,21.31,9142.76,0.9143
011452,华泰柏瑞质量成长C,119453.02,东山精密,3.84,94.45,6753.18,0.6753
002036,安信优势增长混合C,118887.92,贵州茅台,9.26,13.6,19638.26,1.9638
002036,安信优势增长混合C,118887.92,宁德时代,7.92,41.8,16803.6,1.6804
002036,安信优势增长混合C,118887.92,紫金矿业,7.5,539.99,15897.45,1.5897
002036,安信优势增长混合C,118887.92,五粮液,5.33,93.0,11297.64,1.1298
002036,安信优势增长混合C,118887.92,药明康德,5.12,97.0,10866.91,1.0867
002036,安信优势增长混合C,118887.92,ST华通,5.04,515.92,10684.7,1.0685
002036,安信优势增长混合C,118887.92,山西汾酒,5.03,55.0,10670.55,1.0671
002036,安信优势增长混合C,118887.92,迈瑞医疗,4.52,39.0,9581.91,0.9582
002036,安信优势增长混合C,118887.92,洛阳钼业,3.55,480.0,7536.0,0.7536
002036,安信优势增长混合C,118887.92,益方生物,2.79,190.0,5910.9,0.5911
014985,华安创业板50指数C,115977.29,宁德时代,22.89,101.24,40696.71,4.0697
014985,华安创业板50指数C,115977.29,中际旭创,7.72,33.99,13722.01,1.3722
014985,华安创业板50指数C,115977.29,东方财富,7.51,492.21,13348.74,1.3349
014985,华安创业板50指数C,115977.29,新易盛,7.12,34.62,12663.4,1.2663
014985,华安创业板50指数C,115977.29,阳光电源,5.24,57.53,9318.14,0.9318
014985,华安创业板50指数C,115977.29,胜宏科技,3.86,24.05,6866.28,0.6866
014985,华安创业板50指数C,115977.29,汇川技术,3.68,78.18,6552.68,0.6553
014985,华安创业板50指数C,115977.29,迈瑞医疗,2.98,21.59,5303.93,0.5304
014985,华安创业板50指数C,115977.29,亿纬锂能,2.54,49.63,4516.74,0.4517
014985,华安创业板50指数C,115977.29,同花顺,1.68,8.04,2988.66,0.2989
014243,富国新材料新能源混合C,110740.42,拓普集团,8.61,205.09,16610.4,1.661
014243,富国新材料新能源混合C,110740.42,新易盛,8.22,43.33,15848.81,1.5849
014243,富国新材料新能源混合C,110740.42,三花智控,7.72,307.47,14890.76,1.4891
014243,富国新材料新能源混合C,110740.42,中际旭创,7.05,33.66,13587.87,1.3588
014243,富国新材料新能源混合C,110740.42,北特科技,6.58,230.14,12687.62,1.2688
014243,富国新材料新能源混合C,110740.42,峰岹科技,6.37,50.48,12278.09,1.2278
014243,富国新材料新能源混合C,110740.42,浙江荣泰,4.32,73.93,8323.07,0.8323
014243,富国新材料新能源混合C,110740.42,寒武纪,3.04,4.42,5853.19,0.5853
014243,富国新材料新能源混合C,110740.42,美湖股份,2.87,124.35,5536.25,0.5536
014243,富国新材料新能源混合C,110740.42,隆盛科技,2.66,81.39,5124.36,0.5124
010865,泓德卓远混合C,108586.87,万华化学,4.98,232.52,15481.31,1.5481
010865,泓德卓远混合C,108586.87,腾讯控股,3.98,20.42,12360.43,1.236
010865,泓德卓远混合C,108586.87,长川科技,3.53,110.2,10978.11,1.0978
010865,泓德卓远混合C,108586.87,中微公司,3.41,35.47,10605.5,1.0606
010865,泓德卓远混合C,108586.87,北方华创,3.34,22.96,10387.32,1.0387
010865,泓德卓远混合C,108586.87,亿纬锂能,3.26,111.1,10110.1,1.011
010865,泓德卓远混合C,108586.87,中熔电气,3.22,81.72,10011.2,1.0011
010865,泓德卓远混合C,108586.87,电连技术,3.2,174.45,9943.38,0.9943
010865,泓德卓远混合C,108586.87,尚太科技,3.02,112.15,9388.08,0.9388
010865,泓德卓远混合C,108586.87,阿里巴巴-W,3.0,57.68,9321.44,0.9321
013466,博时智选量化多因子股票C,105034.79,澜起科技,8.14,140.19,21700.75,2.1701
013466,博时智选量化多因子股票C,105034.79,宁德时代,7.79,51.69,20777.77,2.0778
013466,博时智选量化多因子股票C,105034.79,乐鑫科技,7.41,91.1,19755.6,1.9756
013466,博时智选量化多因子股票C,105034.79,翱捷科技,5.51,132.88,14682.71,1.4683
013466,博时智选量化多因子股票C,105034.79,中国平安,1.99,96.48,5317.01,0.5317
013466,博时智选量化多因子股票C,105034.79,分众传媒,1.95,644.43,5194.12,0.5194
013466,博时智选量化多因子股票C,105034.79,巨人网络,1.82,107.57,4860.01,0.486
013466,博时智选量化多因子股票C,105034.79,绿联科技,1.66,69.21,4427.76,0.4428
013466,博时智选量化多因子股票C,105034.79,恺英网络,1.6,151.69,4259.46,0.4259
013466,博时智选量化多因子股票C,105034.79,中信证券,1.52,135.77,4059.6,0.406
011237,摩根行业睿选股票C,104914.32,立讯精密,9.28,375.78,24309.36,2.4309
011237,摩根行业睿选股票C,104914.32,亿纬锂能,6.88,198.04,18021.41,1.8021
011237,摩根行业睿选股票C,104914.32,宁德时代,6.21,40.47,16270.79,1.6271
011237,摩根行业睿选股票C,104914.32,东山精密,3.93,144.05,10299.64,1.03
011237,摩根行业睿选股票C,104914.32,徐工机械,3.11,708.73,8150.35,0.815
011237,摩根行业睿选股票C,104914.32,恩捷股份,2.89,162.16,7572.87,0.7573
011237,摩根行业睿选股票C,104914.32,胜宏科技,2.23,20.46,5840.22,0.584
011237,摩根行业睿选股票C,104914.32,牧原股份,2.07,102.25,5419.25,0.5419
011237,摩根行业睿选股票C,104914.32,招商银行,2.07,133.97,5413.73,0.5414
011237,摩根行业睿选股票C,104914.32,中信证券,1.38,120.96,3616.7,0.3617
011068,华宝资源优选混合C,103151.64,洛阳钼业,9.98,1057.0,16594.9,1.6595
011068,华宝资源优选混合C,103151.64,紫金矿业,9.77,552.0,16250.88,1.6251
011068,华宝资源优选混合C,103151.64,赤峰黄金,6.9,388.0,11477.04,1.1477
011068,华宝资源优选混合C,103151.64,中矿资源,6.67,224.0,11088.0,1.1088
011068,华宝资源优选混合C,103151.64,藏格矿业,6.45,184.0,10732.72,1.0733
011068,华宝资源优选混合C,103151.64,华友钴业,5.55,140.0,9226.0,0.9226
011068,华宝资源优选混合C,103151.64,金诚信,5.2,124.0,8647.76,0.8648
011068,华宝资源优选混合C,103151.64,中国神华,3.96,171.0,6583.5,0.6584
011068,华宝资源优选混合C,103151.64,山金国际,3.79,276.0,6301.08,0.6301
011068,华宝资源优选混合C,103151.64,铜陵有色,3.76,1166.0,6249.76,0.625
012651,博时半导体主题混合C,102281.81,海光信息,8.41,55.05,13904.77,1.3905
012651,博时半导体主题混合C,102281.81,寒武纪,7.39,9.22,12217.96,1.2218
012651,博时半导体主题混合C,102281.81,华虹半导体,7.31,165.5,12087.86,1.2088
012651,博时半导体主题混合C,102281.81,兆易创新,7.1,55.07,11746.92,1.1747
012651,博时半导体主题混合C,102281.81,中芯国际,6.22,141.55,10280.43,1.028
012651,博时半导体主题混合C,102281.81,华工科技,5.72,102.26,9457.0,0.9457
012651,博时半导体主题混合C,102281.81,豪威集团,5.7,62.37,9428.47,0.9428
012651,博时半导体主题混合C,102281.81,北方华创,5.54,20.26,9163.32,0.9163
012651,博时半导体主题混合C,102281.81,澜起科技,4.86,51.91,8035.17,0.8035
012651,博时半导体主题混合C,102281.81,中芯国际,3.6,42.53,5959.91,0.596
011145,华安汇宏精选混合C,100760.09,工业富联,7.56,234.28,15464.59,1.5465
011145,华安汇宏精选混合C,100760.09,阿里巴巴-W,6.66,84.32,13625.9,1.3626
011145,华安汇宏精选混合C,100760.09,中际旭创,6.19,31.37,12663.44,1.2663
011145,华安汇宏精选混合C,100760.09,隆盛科技,5.57,180.8,11383.19,1.1383
011145,华安汇宏精选混合C,100760.09,阳光电源,4.48,56.56,9160.94,0.9161
011145,华安汇宏精选混合C,100760.09,德明利,4.19,41.91,8578.56,0.8579
011145,华安汇宏精选混合C,100760.09,江波龙,3.91,44.96,8004.23,0.8004
011145,华安汇宏精选混合C,100760.09,阿特斯,3.84,584.58,7856.8,0.7857
011145,华安汇宏精选混合C,100760.09,科达利,3.43,35.88,7021.72,0.7022
011145,华安汇宏精选混合C,100760.09,深南电路,3.42,32.32,7000.72,0.7001
014130,融通中证云计算与大数据主题指数(LOF...,98076.23,中际旭创,12.15,51.74,20884.43,2.0884
014130,融通中证云计算与大数据主题指数(LOF...,98076.23,新易盛,11.81,55.53,20309.78,2.031
014130,融通中证云计算与大数据主题指数(LOF...,98076.23,科大讯飞,7.08,217.24,12176.1,1.2176
014130,融通中证云计算与大数据主题指数(LOF...,98076.23,中科曙光,6.27,90.41,10781.77,1.0782
014130,融通中证云计算与大数据主题指数(LOF...,98076.23,浪潮信息,4.36,100.81,7502.5,0.7502
014130,融通中证云计算与大数据主题指数(LOF...,98076.23,金山办公,4.18,22.7,7183.51,0.7184
014130,融通中证云计算与大数据主题指数(LOF...,98076.23,紫光股份,3.43,195.66,5904.89,0.5905
014130,融通中证云计算与大数据主题指数(LOF...,98076.23,恒生电子,2.96,147.68,5097.78,0.5098
014130,融通中证云计算与大数据主题指数(LOF...,98076.23,润和软件,2.73,77.55,4699.53,0.47
014130,融通中证云计算与大数据主题指数(LOF...,98076.23,拓维信息,2.06,97.84,3535.94,0.3536
011306,富国低碳新经济混合C,96582.93,东阳光,8.54,735.64,17125.7,1.7126
011306,富国低碳新经济混合C,96582.93,新易盛,6.62,36.27,13267.94,1.3268
011306,富国低碳新经济混合C,96582.93,联创光电,5.73,186.56,11493.96,1.1494
011306,富国低碳新经济混合C,96582.93,科华数据,4.74,132.87,9500.35,0.95
011306,富国低碳新经济混合C,96582.93,衢州发展,4.23,1875.31,8476.4,0.8476
011306,富国低碳新经济混合C,96582.93,深南电路,4.21,38.92,8431.2,0.8431
011306,富国低碳新经济混合C,96582.93,沪电股份,3.8,103.77,7623.69,0.7624
011306,富国低碳新经济混合C,96582.93,纳科诺尔,3.77,117.84,7553.46,0.7553
011306,富国低碳新经济混合C,96582.93,科达利,3.31,33.91,6636.19,0.6636
011306,富国低碳新经济混合C,96582.93,爱科赛博,3.23,164.82,6474.04,0.6474
007950,招商量化精选股票C,95366.73,横店东磁,2.01,623.85,12782.75,1.2783
007950,招商量化精选股票C,95366.73,安徽合力,1.94,561.05,12303.85,1.2304
007950,招商量化精选股票C,95366.73,移远通信,1.57,95.03,9989.96,0.999
007950,招商量化精选股票C,95366.73,海利得,1.57,1631.33,9951.11,0.9951
007950,招商量化精选股票C,95366.73,紫光股份,1.45,304.81,9199.17,0.9199
007950,招商量化精选股票C,95366.73,喜临门,1.42,509.63,8979.68,0.898
007950,招商量化精选股票C,95366.73,海能实业,1.34,610.1,8510.95,0.8511
007950,招商量化精选股票C,95366.73,华勤技术,1.31,78.83,8305.95,0.8306
007950,招商量化精选股票C,95366.73,爱玛科技,1.21,221.26,7682.2,0.7682
007950,招商量化精选股票C,95366.73,国电南自,1.21,748.89,7661.11,0.7661
015144,中欧智能制造混合C,89667.36,恒玄科技,9.9,51.92,15445.07,1.5445
015144,中欧智能制造混合C,89667.36,中芯国际,9.21,197.85,14369.85,1.437
015144,中欧智能制造混合C,89667.36,澜起科技,6.82,68.71,10636.59,1.0637
015144,中欧智能制造混合C,89667.36,理想汽车-W,6.07,102.18,9459.82,0.946
015144,中欧智能制造混合C,89667.36,阿里巴巴-W,5.52,53.24,8603.58,0.8604
015144,中欧智能制造混合C,89667.36,腾讯控股,4.85,12.49,7560.32,0.756
015144,中欧智能制造混合C,89667.36,九方智投控股,4.25,97.35,6630.51,0.6631
015144,中欧智能制造混合C,89667.36,翱捷科技,4.04,57.04,6302.8,0.6303
015144,中欧智能制造混合C,89667.36,药康生物,3.67,316.91,5723.33,0.5723
015144,中欧智能制造混合C,89667.36,晶晨股份,3.16,44.39,4935.49,0.4935
016068,鹏华新能源汽车混合C,88347.26,拓普集团,5.26,158.37,12826.78,1.2827
016068,鹏华新能源汽车混合C,88347.26,亿纬锂能,4.33,115.88,10545.35,1.0545
016068,鹏华新能源汽车混合C,88347.26,华友钴业,4.23,156.47,10311.66,1.0312
016068,鹏华新能源汽车混合C,88347.26,三花智控,3.95,199.05,9639.99,0.964
016068,鹏华新能源汽车混合C,88347.26,天赐材料,3.59,229.3,8752.54,0.8753
016068,鹏华新能源汽车混合C,88347.26,中创新航,3.43,257.97,8351.59,0.8352
016068,鹏华新能源汽车混合C,88347.26,兆丰股份,3.16,74.37,7705.15,0.7705
016068,鹏华新能源汽车混合C,88347.26,赣锋锂业,2.78,111.47,6786.42,0.6786
016068,鹏华新能源汽车混合C,88347.26,湖南裕能,2.75,111.13,6714.52,0.6715
016068,鹏华新能源汽车混合C,88347.26,富临精工,2.75,302.13,6713.26,0.6713
010372,大成成长进取混合C,84586.75,中芯国际,7.86,198.35,14405.68,1.4406
010372,大成成长进取混合C,84586.75,中微公司,6.36,38.98,11653.82,1.1654
010372,大成成长进取混合C,84586.75,华虹半导体,5.97,149.7,10933.85,1.0934
010372,大成成长进取混合C,84586.75,阿里巴巴-W,5.1,57.85,9348.41,0.9348
010372,大成成长进取混合C,84586.75,中际旭创,4.47,20.27,8184.21,0.8184
010372,大成成长进取混合C,84586.75,源杰科技,3.75,16.0,6863.4,0.6863
010372,大成成长进取混合C,84586.75,德明利,3.29,29.44,6025.66,0.6026
010372,大成成长进取混合C,84586.75,深南电路,3.15,26.68,5780.82,0.5781
010372,大成成长进取混合C,84586.75,东威科技,3.12,145.66,5717.31,0.5717
010372,大成成长进取混合C,84586.75,骄成超声,3.1,59.06,5673.59,0.5674
010791,海富通均衡甄选混合C,84577.45,新易盛,9.38,51.94,18998.09,1.8998
010791,海富通均衡甄选混合C,84577.45,紫金矿业,4.85,333.83,9828.05,0.9828
010791,海富通均衡甄选混合C,84577.45,宁德时代,4.5,22.68,9117.36,0.9117
010791,海富通均衡甄选混合C,84577.45,中际旭创,4.18,20.95,8457.1,0.8457
010791,海富通均衡甄选混合C,84577.45,工业富联,3.75,115.0,7591.15,0.7591
010791,海富通均衡甄选混合C,84577.45,沪电股份,3.74,103.14,7577.7,0.7578
010791,海富通均衡甄选混合C,84577.45,天孚通信,3.44,41.46,6956.99,0.6957
010791,海富通均衡甄选混合C,84577.45,建发股份,2.95,581.58,5967.05,0.5967
010791,海富通均衡甄选混合C,84577.45,盛屯矿业,2.66,521.63,5383.22,0.5383
010791,海富通均衡甄选混合C,84577.45,洛阳钼业,2.32,299.41,4700.74,0.4701
008989,大成科技创新混合C,81606.83,新易盛,9.59,31.72,11602.22,1.1602
008989,大成科技创新混合C,81606.83,中际旭创,8.95,26.82,10826.7,1.0827
008989,大成科技创新混合C,81606.83,工业富联,7.79,142.78,9424.91,0.9425
008989,大成科技创新混合C,81606.83,沪电股份,7.11,117.02,8597.46,0.8597
008989,大成科技创新混合C,81606.83,ST华通,6.88,401.95,8324.47,0.8324
008989,大成科技创新混合C,81606.83,阿里巴巴-W,6.22,46.58,7527.21,0.7527
008989,大成科技创新混合C,81606.83,深南电路,6.03,33.7,7300.01,0.73
008989,大成科技创新混合C,81606.83,生益科技,5.14,115.0,6212.3,0.6212
008989,大成科技创新混合C,81606.83,泡泡玛特,5.07,25.2,6138.29,0.6138
008989,大成科技创新混合C,81606.83,立讯精密,4.67,87.39,5653.26,0.5653
002052,诺安稳健回报混合C,81555.13,灿芯股份,9.02,127.64,13004.1,1.3004
002052,诺安稳健回报混合C,81555.13,芯原股份,7.19,58.69,10367.24,1.0367
002052,诺安稳健回报混合C,81555.13,杰华特,6.73,167.01,9695.09,0.9695
002052,诺安稳健回报混合C,81555.13,寒武纪,6.33,6.89,9125.54,0.9126
002052,诺安稳健回报混合C,81555.13,中芯国际,5.02,51.66,7238.75,0.7239
002052,诺安稳健回报混合C,81555.13,东土科技,4.9,273.18,7064.43,0.7064
002052,诺安稳健回报混合C,81555.13,星环科技,4.51,108.08,6502.16,0.6502
002052,诺安稳健回报混合C,81555.13,聚辰股份,4.37,38.76,6296.88,0.6297
002052,诺安稳健回报混合C,81555.13,富临精工,4.26,276.26,6138.59,0.6139
002052,诺安稳健回报混合C,81555.13,乐鑫科技,4.25,28.23,6122.35,0.6122
015389,宝盈转型动力混合C,81427.63,新易盛,7.95,32.47,11876.04,1.1876
015389,宝盈转型动力混合C,81427.63,中际旭创,7.64,28.28,11416.07,1.1416
015389,宝盈转型动力混合C,81427.63,胜宏科技,7.35,38.49,10988.9,1.0989
015389,宝盈转型动力混合C,81427.63,天孚通信,5.63,50.12,8410.74,0.8411
015389,宝盈转型动力混合C,81427.63,隆盛科技,4.97,117.89,7422.35,0.7422
015389,宝盈转型动力混合C,81427.63,立讯精密,4.63,107.07,6926.36,0.6926
015389,宝盈转型动力混合C,81427.63,震裕科技,4.46,35.43,6667.29,0.6667
015389,宝盈转型动力混合C,81427.63,蓝思科技,3.99,178.02,5960.11,0.596
015389,宝盈转型动力混合C,81427.63,巨人网络,3.96,130.97,5917.22,0.5917
015389,宝盈转型动力混合C,81427.63,工业富联,3.91,88.51,5842.55,0.5843
008981,中邮科技创新精选混合C,79498.3,兆易创新,9.58,50.0,10665.0,1.0665
008981,中邮科技创新精选混合C,79498.3,立讯精密,8.71,150.0,9703.5,0.9704
008981,中邮科技创新精选混合C,79498.3,歌尔股份,8.42,250.0,9375.0,0.9375
008981,中邮科技创新精选混合C,79498.3,瑞芯微,7.7,38.0,8570.9,0.8571
008981,中邮科技创新精选混合C,79498.3,华勤技术,7.57,80.0,8428.8,0.8429
008981,中邮科技创新精选混合C,79498.3,安克创新,6.56,60.0,7303.8,0.7304
008981,中邮科技创新精选混合C,79498.3,恒玄科技,6.41,24.0,7140.0,0.714
008981,中邮科技创新精选混合C,79498.3,南芯科技,6.02,130.0,6706.7,0.6707
008981,中邮科技创新精选混合C,79498.3,纳芯微,5.39,30.0,5999.4,0.5999
008981,中邮科技创新精选混合C,79498.3,中芯国际,5.03,40.0,5605.2,0.5605
005963,宝盈人工智能股票C,78539.82,海光信息,9.06,49.41,12481.09,1.2481
005963,宝盈人工智能股票C,78539.82,华虹半导体,7.05,133.04,9716.71,0.9717
005963,宝盈人工智能股票C,78539.82,兆易创新,6.5,41.97,8952.2,0.8952
005963,宝盈人工智能股票C,78539.82,快手-W,6.04,107.67,8316.44,0.8316
005963,宝盈人工智能股票C,78539.82,澜起科技,5.9,52.56,8136.18,0.8136
005963,宝盈人工智能股票C,78539.82,沪电股份,5.3,99.37,7301.01,0.7301
005963,宝盈人工智能股票C,78539.82,腾讯控股,4.61,10.5,6357.1,0.6357
005963,宝盈人工智能股票C,78539.82,生益科技,4.22,107.54,5809.31,0.5809
005963,宝盈人工智能股票C,78539.82,芯源微,4.18,38.7,5765.78,0.5766
005963,宝盈人工智能股票C,78539.82,中际旭创,4.14,14.13,5704.0,0.5704
012125,博道盛彦混合C,76106.28,兆易创新,9.62,73.1,15592.06,1.5592
012125,博道盛彦混合C,76106.28,腾讯控股,8.51,22.79,13794.92,1.3795
012125,博道盛彦混合C,76106.28,金斯瑞生物科技,6.33,672.6,10267.26,1.0267
012125,博道盛彦混合C,76106.28,兴业银锡,4.71,232.25,7638.7,0.7639
012125,博道盛彦混合C,76106.28,华虹半导体,3.89,86.4,6310.52,0.6311
012125,博道盛彦混合C,76106.28,三环集团,3.37,117.99,5466.48,0.5466
012125,博道盛彦混合C,76106.28,三美股份,2.97,81.95,4820.3,0.482
012125,博道盛彦混合C,76106.28,百济神州,2.93,25.34,4747.28,0.4747
012125,博道盛彦混合C,76106.28,阿里巴巴-W,2.32,23.25,3757.14,0.3757
012125,博道盛彦混合C,76106.28,圣农发展,2.29,205.86,3711.62,0.3712
008187,淳厚信睿混合C,75108.29,宁德时代,6.92,39.61,15924.59,1.5925
008187,淳厚信睿混合C,75108.29,杰普特,3.61,58.77,8308.8,0.8309
008187,淳厚信睿混合C,75108.29,冰轮环境,3.45,587.48,7930.96,0.7931
008187,淳厚信睿混合C,75108.29,新易盛,3.37,21.22,7761.64,0.7762
008187,淳厚信睿混合C,75108.29,快手-W,2.76,82.3,6356.7,0.6357
008187,淳厚信睿混合C,75108.29,工业富联,2.73,95.1,6277.55,0.6278
008187,淳厚信睿混合C,75108.29,腾讯控股,2.63,10.0,6053.06,0.6053
008187,淳厚信睿混合C,75108.29,信达生物,2.51,65.5,5764.74,0.5765
008187,淳厚信睿混合C,75108.29,三生制药,2.44,204.65,5605.24,0.5605
008187,淳厚信睿混合C,75108.29,英科医疗,2.23,139.49,5125.01,0.5125
015642,银华数字经济股票发起式C,74717.99,歌尔股份,5.84,247.15,9268.05,0.9268
015642,银华数字经济股票发起式C,74717.99,申通快递,5.6,496.51,8887.53,0.8888
015642,银华数字经济股票发起式C,74717.99,九方智投控股,5.49,128.05,8721.27,0.8721
015642,银华数字经济股票发起式C,74717.99,龙旗科技,5.24,173.3,8318.19,0.8318
015642,银华数字经济股票发起式C,74717.99,圆通速递,5.14,444.63,8158.95,0.8159
015642,银华数字经济股票发起式C,74717.99,京仪装备,4.7,74.07,7467.57,0.7468
015642,银华数字经济股票发起式C,74717.99,开普云,4.43,34.33,7038.18,0.7038
015642,银华数字经济股票发起式C,74717.99,合锻智能,4.06,328.09,6446.97,0.6447
015642,银华数字经济股票发起式C,74717.99,灿芯股份,3.4,53.01,5401.0,0.5401
015642,银华数字经济股票发起式C,74717.99,晶合集成,3.15,143.77,5010.28,0.501
006503,财通集成电路产业股票C,74239.81,工业富联,10.04,132.4,8739.66,0.874
006503,财通集成电路产业股票C,74239.81,生益科技,10.02,161.38,8717.8,0.8718
006503,财通集成电路产业股票C,74239.81,生益电子,9.75,108.1,8485.48,0.8485
006503,财通集成电路产业股票C,74239.81,中际旭创,9.37,20.2,8155.67,0.8156
006503,财通集成电路产业股票C,74239.81,深南电路,8.25,33.16,7183.78,0.7184
006503,财通集成电路产业股票C,74239.81,沪电股份,8.05,95.35,7005.44,0.7005
006503,财通集成电路产业股票C,74239.81,中材科技,8.0,204.56,6959.13,0.6959
006503,财通集成电路产业股票C,74239.81,鼎泰高科,7.97,96.72,6933.86,0.6934
006503,财通集成电路产业股票C,74239.81,新易盛,7.94,18.9,6913.78,0.6914
006503,财通集成电路产业股票C,74239.81,东材科技,5.91,254.21,5145.21,0.5145
013642,博道成长智航股票C,72294.92,宁德时代,3.92,52.31,21029.26,2.1029
013642,博道成长智航股票C,72294.92,中兴通讯,1.36,159.77,7291.9,0.7292
013642,博道成长智航股票C,72294.92,汇川技术,1.24,79.21,6639.19,0.6639
013642,博道成长智航股票C,72294.92,海康威视,1.22,207.31,6534.5,0.6534
013642,博道成长智航股票C,72294.92,同花顺,1.03,14.85,5520.38,0.552
013642,博道成长智航股票C,72294.92,生益科技,1.0,98.97,5346.36,0.5346
013642,博道成长智航股票C,72294.92,瑞芯微,0.96,22.74,5129.01,0.5129
013642,博道成长智航股票C,72294.92,寒武纪,0.94,3.82,5059.38,0.5059
013642,博道成长智航股票C,72294.92,紫光国微,0.94,55.96,5053.75,0.5054
013642,博道成长智航股票C,72294.92,深信服,0.87,37.38,4691.19,0.4691
015947,兴业研究精选混合C,70792.58,睿创微纳,6.54,131.96,11670.49,1.167
015947,兴业研究精选混合C,70792.58,长芯博创,5.7,95.69,10168.98,1.0169
015947,兴业研究精选混合C,70792.58,天奈科技,4.77,123.6,8511.05,0.8511
015947,兴业研究精选混合C,70792.58,佳驰科技,3.86,96.68,6897.85,0.6898
015947,兴业研究精选混合C,70792.58,紫金矿业,3.7,224.37,6605.45,0.6605
015947,兴业研究精选混合C,70792.58,天孚通信,3.66,38.89,6525.74,0.6526
015947,兴业研究精选混合C,70792.58,中际旭创,3.29,14.55,5873.54,0.5874
015947,兴业研究精选混合C,70792.58,完美世界,2.75,256.39,4912.43,0.4912
015947,兴业研究精选混合C,70792.58,应流股份,2.74,150.42,4891.66,0.4892
015947,兴业研究精选混合C,70792.58,三环集团,2.65,102.21,4735.39,0.4735
001770,前海开源嘉鑫混合C,69408.45,浙江荣泰,8.15,117.44,13221.51,1.3222
001770,前海开源嘉鑫混合C,69408.45,震裕科技,4.56,39.34,7404.15,0.7404
001770,前海开源嘉鑫混合C,69408.45,美湖股份,4.32,157.6,7016.4,0.7016
001770,前海开源嘉鑫混合C,69408.45,汉威科技,4.1,104.66,6653.24,0.6653
001770,前海开源嘉鑫混合C,69408.45,安培龙,4.02,39.28,6519.47,0.6519
001770,前海开源嘉鑫混合C,69408.45,斯菱股份,3.88,47.06,6306.17,0.6306
001770,前海开源嘉鑫混合C,69408.45,宁波华翔,3.82,160.22,6200.51,0.6201
001770,前海开源嘉鑫混合C,69408.45,均胜电子,3.39,157.89,5497.73,0.5498
001770,前海开源嘉鑫混合C,69408.45,伟创电气,3.28,55.88,5328.03,0.5328
001770,前海开源嘉鑫混合C,69408.45,科达利,3.24,26.88,5261.24,0.5261
010422,海富通消费优选混合C,65635.63,潮宏基,5.0,634.5,9067.01,0.9067
010422,海富通消费优选混合C,65635.63,美的集团,4.42,110.49,8028.46,0.8028
010422,海富通消费优选混合C,65635.63,石头科技,4.38,37.86,7942.8,0.7943
010422,海富通消费优选混合C,65635.63,法拉电子,3.61,51.85,6554.02,0.6554
010422,海富通消费优选混合C,65635.63,万辰集团,3.37,33.67,6111.07,0.6111
010422,海富通消费优选混合C,65635.63,华勤技术,3.29,56.72,5976.02,0.5976
010422,海富通消费优选混合C,65635.63,晶晨股份,3.15,51.38,5711.97,0.5712
010422,海富通消费优选混合C,65635.63,今世缘,3.04,140.38,5516.93,0.5517
010422,海富通消费优选混合C,65635.63,上海家化,2.96,204.12,5372.44,0.5372
010422,海富通消费优选混合C,65635.63,燕京啤酒,2.95,441.46,5354.91,0.5355
014544,汇添富中证沪港深云计算产业ETF联接C,64803.14,中际旭创,10.12,54.11,11391.24,1.1391
014544,汇添富中证沪港深云计算产业ETF联接C,64803.14,新易盛,10.0,60.4,11258.37,1.1258
014544,汇添富中证沪港深云计算产业ETF联接C,64803.14,腾讯控股,8.53,18.56,9598.36,0.9598
014544,汇添富中证沪港深云计算产业ETF联接C,64803.14,阿里巴巴-W,7.73,81.94,8698.72,0.8699
014544,汇添富中证沪港深云计算产业ETF联接C,64803.14,中科曙光,5.45,89.06,6137.99,0.6138
014544,汇添富中证沪港深云计算产业ETF联接C,64803.14,金山办公,3.88,14.1,4364.94,0.4365
014544,汇添富中证沪港深云计算产业ETF联接C,64803.14,金蝶国际,3.23,215.9,3637.33,0.3637
014544,汇添富中证沪港深云计算产业ETF联接C,64803.14,浪潮信息,3.08,62.73,3468.34,0.3468
014544,汇添富中证沪港深云计算产业ETF联接C,64803.14,恒生电子,2.85,92.12,3213.29,0.3213
014544,汇添富中证沪港深云计算产业ETF联接C,64803.14,紫光股份,2.7,121.87,3034.56,0.3035
002096,博时新收益C,59913.8,紫金矿业,9.0,314.59,9261.53,0.9262
002096,博时新收益C,59913.8,东方电缆,7.07,102.91,7269.56,0.727
002096,博时新收益C,59913.8,汇成真空,6.4,38.0,6578.94,0.6579
002096,博时新收益C,59913.8,洛阳钼业,5.8,380.0,5966.0,0.5966
002096,博时新收益C,59913.8,华海清科,5.62,35.01,5783.26,0.5783
002096,博时新收益C,59913.8,圆通速递,5.35,300.0,5505.0,0.5505
002096,博时新收益C,59913.8,茂莱光学,5.24,12.29,5394.78,0.5395
002096,博时新收益C,59913.8,兆易创新,4.73,22.8,4863.24,0.4863
002096,博时新收益C,59913.8,嘉友国际,4.6,330.55,4726.87,0.4727
002096,博时新收益C,59913.8,山东威达,4.44,321.0,4564.62,0.4565
014377,东吴新能源汽车股票C,57528.53,豪威集团,9.35,49.5,7482.92,0.7483
014377,东吴新能源汽车股票C,57528.53,德赛西威,9.26,49.0,7410.27,0.741
014377,东吴新能源汽车股票C,57528.53,立讯精密,8.89,110.0,7115.9,0.7116
014377,东吴新能源汽车股票C,57528.53,小鹏汽车-W,8.82,83.0,7058.66,0.7059
014377,东吴新能源汽车股票C,57528.53,理想汽车-W,8.21,71.0,6572.91,0.6573
014377,东吴新能源汽车股票C,57528.53,拓普集团,7.18,71.0,5750.29,0.575
014377,东吴新能源汽车股票C,57528.53,兆易创新,5.33,20.0,4266.0,0.4266
014377,东吴新能源汽车股票C,57528.53,伯特利,5.05,75.0,4041.75,0.4042
014377,东吴新能源汽车股票C,57528.53,华阳集团,4.99,118.0,3995.48,0.3995
014377,东吴新能源汽车股票C,57528.53,瑞芯微,4.79,17.0,3834.35,0.3834
013340,创金合信芯片产业股票发起C,56935.16,中芯国际,8.77,61.73,8650.08,0.865
013340,创金合信芯片产业股票发起C,56935.16,海光信息,7.15,27.92,7052.57,0.7053
013340,创金合信芯片产业股票发起C,56935.16,中微公司,6.77,22.35,6683.47,0.6683
013340,创金合信芯片产业股票发起C,56935.16,恒玄科技,6.32,20.97,6238.63,0.6239
013340,创金合信芯片产业股票发起C,56935.16,乐鑫科技,6.04,27.49,5961.5,0.5962
013340,创金合信芯片产业股票发起C,56935.16,光库科技,4.74,39.38,4678.34,0.4678
013340,创金合信芯片产业股票发起C,56935.16,盛美上海,4.72,23.09,4659.8,0.466
013340,创金合信芯片产业股票发起C,56935.16,江波龙,4.7,26.07,4640.9,0.4641
013340,创金合信芯片产业股票发起C,56935.16,瑞芯微,4.34,19.0,4285.45,0.4285
013340,创金合信芯片产业股票发起C,56935.16,长川科技,4.14,41.0,4084.42,0.4084
021500,景顺长城优质成长股票C,56804.61,中际旭创,9.17,22.67,9151.43,0.9151
021500,景顺长城优质成长股票C,56804.61,新易盛,8.55,23.31,8526.79,0.8527
021500,景顺长城优质成长股票C,56804.61,沪电股份,6.26,84.92,6239.07,0.6239
021500,景顺长城优质成长股票C,56804.61,工业富联,5.58,84.29,5563.98,0.5564
021500,景顺长城优质成长股票C,56804.61,胜宏科技,5.07,17.71,5056.21,0.5056
021500,景顺长城优质成长股票C,56804.61,宁德时代,5.07,12.57,5053.14,0.5053
021500,景顺长城优质成长股票C,56804.61,源杰科技,4.79,11.13,4773.78,0.4774
021500,景顺长城优质成长股票C,56804.61,兆易创新,4.28,20.0,4266.0,0.4266
021500,景顺长城优质成长股票C,56804.61,拓普集团,4.21,51.86,4200.14,0.42
021500,景顺长城优质成长股票C,56804.61,浙江荣泰,3.98,35.3,3974.07,0.3974
014954,信澳研究优选混合C,54546.18,华勤技术,8.16,111.86,11785.43,1.1785
014954,信澳研究优选混合C,54546.18,佰维存储,5.36,74.25,7744.06,0.7744
014954,信澳研究优选混合C,54546.18,歌尔股份,4.4,169.51,6356.63,0.6357
014954,信澳研究优选混合C,54546.18,华虹公司,3.98,50.15,5745.24,0.5745
014954,信澳研究优选混合C,54546.18,晶晨股份,3.59,46.65,5186.34,0.5186
014954,信澳研究优选混合C,54546.18,江淮汽车,3.53,94.46,5091.39,0.5091
014954,信澳研究优选混合C,54546.18,兆易创新,3.08,20.87,4451.57,0.4452
014954,信澳研究优选混合C,54546.18,恒玄科技,1.91,9.3,2765.41,0.2765
014954,信澳研究优选混合C,54546.18,炬芯科技,1.91,44.35,2758.81,0.2759
014954,信澳研究优选混合C,54546.18,欣旺达,1.84,78.76,2661.3,0.2661
015290,格林高股息优选混合C,52492.98,中国燃气,7.15,1015.72,7086.55,0.7087
015290,格林高股息优选混合C,52492.98,中简科技,7.06,198.59,7000.38,0.7
015290,格林高股息优选混合C,52492.98,视源股份,5.49,136.76,5443.19,0.5443
015290,格林高股息优选混合C,52492.98,力诺药包,5.45,314.33,5409.58,0.541
015290,格林高股息优选混合C,52492.98,东方雨虹,5.37,432.7,5330.84,0.5331
015290,格林高股息优选混合C,52492.98,申洲国际,5.17,90.77,5123.67,0.5124
015290,格林高股息优选混合C,52492.98,美埃科技,5.01,97.85,4970.54,0.4971
015290,格林高股息优选混合C,52492.98,中国东方教育,4.26,604.2,4226.49,0.4226
015290,格林高股息优选混合C,52492.98,敏实集团,4.0,128.0,3963.6,0.3964
015290,格林高股息优选混合C,52492.98,思维列控,3.97,117.56,3938.14,0.3938
005633,建信中证500指数增强C,51681.7,胜宏科技,1.6,26.4,7537.2,0.7537
005633,建信中证500指数增强C,51681.7,金诚信,1.36,92.26,6434.42,0.6434
005633,建信中证500指数增强C,51681.7,中材科技,1.13,157.33,5352.37,0.5352
005633,建信中证500指数增强C,51681.7,三美股份,1.09,87.53,5148.51,0.5149
005633,建信中证500指数增强C,51681.7,瑞芯微,1.02,21.39,4824.31,0.4824
005633,建信中证500指数增强C,51681.7,科沃斯,0.97,42.77,4597.78,0.4598
005633,建信中证500指数增强C,51681.7,华工科技,0.95,48.76,4509.32,0.4509
005633,建信中证500指数增强C,51681.7,艾力斯,0.95,40.82,4500.39,0.45
005633,建信中证500指数增强C,51681.7,亚钾国际,0.93,112.45,4404.67,0.4405
005633,建信中证500指数增强C,51681.7,芯动联科,0.93,57.05,4372.73,0.4373
008319,博道久航混合C,50505.71,瑞芯微,2.01,31.57,7120.61,0.7121
008319,博道久航混合C,50505.71,中材科技,1.96,203.63,6927.59,0.6928
008319,博道久航混合C,50505.71,生益科技,1.78,116.53,6294.95,0.6295
008319,博道久航混合C,50505.71,华丰科技,1.49,53.38,5252.26,0.5252
008319,博道久航混合C,50505.71,中金公司,1.37,131.25,4841.93,0.4842
008319,博道久航混合C,50505.71,国联民生,1.26,399.02,4457.01,0.4457
008319,博道久航混合C,50505.71,东方证券,1.19,367.27,4201.51,0.4202
008319,博道久航混合C,50505.71,菲利华,1.15,53.66,4062.06,0.4062
008319,博道久航混合C,50505.71,中信证券,1.05,123.95,3706.12,0.3706
008319,博道久航混合C,50505.71,宗申动力,1.03,148.4,3641.67,0.3642
007127,博道远航混合C,49658.71,瑞芯微,1.53,27.76,6261.36,0.6261
007127,博道远航混合C,49658.71,生益科技,1.52,114.99,6211.76,0.6212
007127,博道远航混合C,49658.71,中材科技,1.35,161.99,5510.91,0.5511
007127,博道远航混合C,49658.71,药明康德,1.25,45.66,5114.73,0.5115
007127,博道远航混合C,49658.71,海康威视,1.21,157.54,4965.66,0.4966
007127,博道远航混合C,49658.71,宁德时代,1.21,12.29,4940.9,0.4941
007127,博道远航混合C,49658.71,德赛西威,1.06,28.7,4340.5,0.434
007127,博道远航混合C,49658.71,五粮液,1.02,34.47,4187.42,0.4187
007127,博道远航混合C,49658.71,同花顺,1.0,10.97,4078.32,0.4078
007127,博道远航混合C,49658.71,紫光国微,0.99,44.81,4047.15,0.4047
008327,东财通信C,49079.47,新易盛,15.46,34.26,12530.29,1.253
008327,东财通信C,49079.47,中际旭创,15.29,30.69,12387.45,1.2387
008327,东财通信C,49079.47,中兴通讯,6.27,111.26,5078.09,0.5078
008327,东财通信C,49079.47,沪电股份,4.21,46.48,3415.22,0.3415
008327,东财通信C,49079.47,华工科技,3.96,34.71,3210.18,0.321
008327,东财通信C,49079.47,东山精密,3.91,44.27,3165.37,0.3165
008327,东财通信C,49079.47,天孚通信,3.33,16.1,2702.05,0.2702
008327,东财通信C,49079.47,生益科技,2.8,41.94,2265.6,0.2266
008327,东财通信C,49079.47,长电科技,2.69,49.43,2179.37,0.2179
008327,东财通信C,49079.47,三环集团,2.65,46.32,2145.85,0.2146
008532,惠升惠民混合C,47605.38,阿里巴巴-W,7.11,45.77,7396.32,0.7396
008532,惠升惠民混合C,47605.38,华勤技术,6.35,62.69,6605.02,0.6605
008532,惠升惠民混合C,47605.38,柏楚电子,4.55,30.8,4735.92,0.4736
008532,惠升惠民混合C,47605.38,中芯国际,4.46,63.9,4640.9,0.4641
008532,惠升惠民混合C,47605.38,牧原股份,4.31,84.64,4485.81,0.4486
008532,惠升惠民混合C,47605.38,拓荆科技,4.11,16.44,4276.47,0.4276
008532,惠升惠民混合C,47605.38,建滔积层板,3.91,360.95,4063.23,0.4063
008532,惠升惠民混合C,47605.38,中兴通讯,3.81,122.4,3967.08,0.3967
008532,惠升惠民混合C,47605.38,中广核矿业,3.62,1310.0,3767.41,0.3767
008532,惠升惠民混合C,47605.38,安踏体育,3.53,42.96,3667.22,0.3667
011584,大成港股精选混合(QDII)C,47486.59,紫金矿业,8.73,278.8,8297.97,0.8298
011584,大成港股精选混合(QDII)C,47486.59,腾讯控股,5.97,9.38,5677.77,0.5678
011584,大成港股精选混合(QDII)C,47486.59,小米集团-W,5.54,106.8,5265.34,0.5265
011584,大成港股精选混合(QDII)C,47486.59,中芯国际,5.04,66.0,4793.42,0.4793
011584,大成港股精选混合(QDII)C,47486.59,康方生物,4.18,30.8,3970.51,0.3971
011584,大成港股精选混合(QDII)C,47486.59,招金矿业,4.17,138.8,3961.32,0.3961
011584,大成港股精选混合(QDII)C,47486.59,携程集团-S,4.11,7.18,3906.9,0.3907
011584,大成港股精选混合(QDII)C,47486.59,香港交易所,4.11,9.68,3906.24,0.3906
011584,大成港股精选混合(QDII)C,47486.59,和誉-B,4.06,236.0,3861.1,0.3861
011584,大成港股精选混合(QDII)C,47486.59,阿里巴巴-W,4.05,23.8,3846.02,0.3846
011370,华商均衡成长混合C,46277.7,中际旭创,9.05,19.17,7736.85,0.7737
011370,华商均衡成长混合C,46277.7,新易盛,8.92,20.84,7621.18,0.7621
011370,华商均衡成长混合C,46277.7,胜宏科技,6.28,18.79,5364.55,0.5365
011370,华商均衡成长混合C,46277.7,东山精密,5.75,68.78,4917.77,0.4918
011370,华商均衡成长混合C,46277.7,仕佳光子,4.98,59.71,4257.27,0.4257
011370,华商均衡成长混合C,46277.7,中材科技,4.47,112.21,3817.38,0.3817
011370,华商均衡成长混合C,46277.7,宏和科技,4.23,103.75,3617.76,0.3618
011370,华商均衡成长混合C,46277.7,德科立,4.07,28.74,3478.41,0.3478
011370,华商均衡成长混合C,46277.7,深南电路,3.51,13.83,2996.56,0.2997
011370,华商均衡成长混合C,46277.7,源杰科技,2.89,5.76,2469.97,0.247
008419,惠升惠泽混合C,44686.15,洛阳钼业,3.64,417.9,5986.27,0.5986
008419,惠升惠泽混合C,44686.15,紫金矿业,3.47,193.86,5707.24,0.5707
008419,惠升惠泽混合C,44686.15,中芯国际,2.99,67.75,4920.52,0.4921
008419,惠升惠泽混合C,44686.15,腾讯控股,2.94,7.99,4836.39,0.4836
008419,惠升惠泽混合C,44686.15,阿里巴巴-W,2.63,26.77,4325.96,0.4326
008419,惠升惠泽混合C,44686.15,中国黄金国际,2.54,32.88,4166.61,0.4167
008419,惠升惠泽混合C,44686.15,江西铜业股份,2.39,141.1,3929.06,0.3929
008419,惠升惠泽混合C,44686.15,宁德时代,2.32,9.49,3814.98,0.3815
008419,惠升惠泽混合C,44686.15,徐工机械,2.23,318.47,3662.41,0.3662
008419,惠升惠泽混合C,44686.15,立讯精密,2.03,51.58,3336.71,0.3337
015971,华泰柏瑞景气驱动混合C,44559.36,宁德时代,8.69,18.5,7436.2,0.7436
015971,华泰柏瑞景气驱动混合C,44559.36,中际旭创,7.85,16.63,6713.2,0.6713
015971,华泰柏瑞景气驱动混合C,44559.36,新易盛,7.58,17.73,6483.64,0.6484
015971,华泰柏瑞景气驱动混合C,44559.36,腾讯控股,6.07,8.58,5193.34,0.5193
015971,华泰柏瑞景气驱动混合C,44559.36,中芯国际,5.2,61.3,4451.89,0.4452
015971,华泰柏瑞景气驱动混合C,44559.36,阿里巴巴-W,4.06,21.48,3471.11,0.3471
015971,华泰柏瑞景气驱动混合C,44559.36,德赛西威,3.99,22.59,3416.29,0.3416
015971,华泰柏瑞景气驱动混合C,44559.36,英科医疗,3.23,75.26,2764.92,0.2765
015971,华泰柏瑞景气驱动混合C,44559.36,药明合联,2.97,35.55,2541.34,0.2541
015971,华泰柏瑞景气驱动混合C,44559.36,天孚通信,2.44,12.44,2087.43,0.2087
016238,华夏数字经济龙头混合发起式C,44488.04,澜起科技,5.17,43.17,6682.02,0.6682
016238,华夏数字经济龙头混合发起式C,44488.04,翱捷科技,3.98,46.49,5136.86,0.5137
016238,华夏数字经济龙头混合发起式C,44488.04,概伦电子,3.74,114.58,4836.34,0.4836
016238,华夏数字经济龙头混合发起式C,44488.04,杰华特,3.33,74.14,4303.58,0.4304
016238,华夏数字经济龙头混合发起式C,44488.04,北京君正,3.23,46.83,4168.34,0.4168
016238,华夏数字经济龙头混合发起式C,44488.04,华勤技术,3.22,39.48,4159.31,0.4159
016238,华夏数字经济龙头混合发起式C,44488.04,东材科技,3.19,203.3,4114.79,0.4115
016238,华夏数字经济龙头混合发起式C,44488.04,昊华科技,2.98,125.17,3845.22,0.3845
016238,华夏数字经济龙头混合发起式C,44488.04,佰维存储,2.97,36.76,3834.42,0.3834
016238,华夏数字经济龙头混合发起式C,44488.04,江波龙,2.64,19.14,3407.16,0.3407
019514,交银荣鑫灵活配置混合C,41763.68,新易盛,8.98,18.44,6744.8,0.6745
019514,交银荣鑫灵活配置混合C,41763.68,寒武纪,8.74,4.95,6564.98,0.6565
019514,交银荣鑫灵活配置混合C,41763.68,中际旭创,6.25,11.64,4698.79,0.4699
019514,交银荣鑫灵活配置混合C,41763.68,工业富联,5.59,63.6,4198.24,0.4198
019514,交银荣鑫灵活配置混合C,41763.68,浙江荣泰,5.18,34.57,3892.08,0.3892
019514,交银荣鑫灵活配置混合C,41763.68,海光信息,4.84,14.4,3636.78,0.3637
019514,交银荣鑫灵活配置混合C,41763.68,胜宏科技,4.83,12.7,3625.85,0.3626
019514,交银荣鑫灵活配置混合C,41763.68,歌尔股份,3.95,79.1,2966.25,0.2966
019514,交银荣鑫灵活配置混合C,41763.68,ST华通,3.69,133.83,2771.62,0.2772
019514,交银荣鑫灵活配置混合C,41763.68,骄成超声,3.55,27.73,2664.29,0.2664
013010,万家港股通精选混合C,41516.81,阿里巴巴-W,8.96,40.5,6544.7,0.6545
013010,万家港股通精选混合C,41516.81,腾讯控股,8.29,10.0,6053.06,0.6053
013010,万家港股通精选混合C,41516.81,中芯国际,7.46,75.0,5447.07,0.5447
013010,万家港股通精选混合C,41516.81,极兔速递-W,6.12,500.26,4466.79,0.4467
013010,万家港股通精选混合C,41516.81,东岳集团,5.72,376.5,4172.97,0.4173
013010,万家港股通精选混合C,41516.81,紫金矿业,4.61,113.2,3369.19,0.3369
013010,万家港股通精选混合C,41516.81,洛阳钼业,4.38,223.2,3197.26,0.3197
013010,万家港股通精选混合C,41516.81,中国黄金国际,4.08,23.5,2977.96,0.2978
013010,万家港股通精选混合C,41516.81,泡泡玛特,3.71,11.12,2708.64,0.2709
013010,万家港股通精选混合C,41516.81,巨子生物,3.53,50.0,2579.17,0.2579
001557,天弘中证500指数增强C,38910.0,华工科技,1.69,57.95,5359.11,0.5359
001557,天弘中证500指数增强C,38910.0,通富微电,1.33,105.11,4222.43,0.4222
001557,天弘中证500指数增强C,38910.0,瑞芯微,1.22,17.22,3884.65,0.3885
001557,天弘中证500指数增强C,38910.0,湖南裕能,1.17,61.29,3703.14,0.3703
001557,天弘中证500指数增强C,38910.0,西部矿业,1.16,168.01,3696.22,0.3696
001557,天弘中证500指数增强C,38910.0,恒玄科技,1.16,12.41,3692.3,0.3692
001557,天弘中证500指数增强C,38910.0,芯联集成,1.14,552.18,3633.31,0.3633
001557,天弘中证500指数增强C,38910.0,全志科技,1.13,69.25,3588.38,0.3588
001557,天弘中证500指数增强C,38910.0,兴森科技,1.13,161.55,3573.49,0.3573
001557,天弘中证500指数增强C,38910.0,中科创达,1.12,45.79,3556.97,0.3557
014156,国泰海通中证500指数增强C,38609.28,胜宏科技,1.34,16.69,4765.0,0.4765
014156,国泰海通中证500指数增强C,38609.28,高德红外,1.14,328.29,4054.35,0.4054
014156,国泰海通中证500指数增强C,38609.28,中科创达,1.14,52.14,4050.24,0.405
014156,国泰海通中证500指数增强C,38609.28,广东宏大,1.14,91.83,4049.7,0.405
014156,国泰海通中证500指数增强C,38609.28,芯联集成,1.12,602.67,3965.58,0.3966
014156,国泰海通中证500指数增强C,38609.28,全志科技,1.01,69.42,3597.5,0.3598
014156,国泰海通中证500指数增强C,38609.28,四川长虹,1.01,342.59,3586.92,0.3587
014156,国泰海通中证500指数增强C,38609.28,长川科技,1.0,35.75,3561.42,0.3561
014156,国泰海通中证500指数增强C,38609.28,中金岭南,0.99,618.96,3528.06,0.3528
014156,国泰海通中证500指数增强C,38609.28,光弘科技,0.97,118.09,3450.51,0.3451
008182,方正富邦信泓混合C,37744.68,浙江荣泰,8.79,51.73,5823.76,0.5824
008182,方正富邦信泓混合C,37744.68,三花智控,8.13,111.17,5383.96,0.5384
008182,方正富邦信泓混合C,37744.68,拓普集团,7.55,61.76,5001.94,0.5002
008182,方正富邦信泓混合C,37744.68,新泉股份,6.48,51.7,4293.17,0.4293
008182,方正富邦信泓混合C,37744.68,伟创电气,5.14,35.69,3403.29,0.3403
008182,方正富邦信泓混合C,37744.68,长盈精密,4.66,74.07,3087.24,0.3087
008182,方正富邦信泓混合C,37744.68,汉威科技,4.32,45.03,2862.47,0.2862
008182,方正富邦信泓混合C,37744.68,震裕科技,4.29,15.1,2841.67,0.2842
008182,方正富邦信泓混合C,37744.68,安培龙,4.06,16.22,2692.03,0.2692
008182,方正富邦信泓混合C,37744.68,北特科技,3.56,42.72,2355.15,0.2355
006594,博道中证500增强C,33419.03,瑞芯微,1.48,18.08,4077.92,0.4078
006594,博道中证500增强C,33419.03,深信服,1.3,28.52,3579.26,0.3579
006594,博道中证500增强C,33419.03,璞泰来,1.25,111.51,3447.89,0.3448
006594,博道中证500增强C,33419.03,广联达,1.2,235.85,3316.07,0.3316
006594,博道中证500增强C,33419.03,长川科技,1.18,32.81,3269.0,0.3269
006594,博道中证500增强C,33419.03,菲利华,1.18,43.13,3264.94,0.3265
006594,博道中证500增强C,33419.03,网宿科技,1.16,278.02,3208.35,0.3208
006594,博道中证500增强C,33419.03,汇顶科技,1.15,38.57,3186.28,0.3186
006594,博道中证500增强C,33419.03,科沃斯,1.12,28.67,3081.69,0.3082
006594,博道中证500增强C,33419.03,光线传媒,1.08,154.24,2987.63,0.2988
016283,华泰柏瑞积极优选股票C,32405.48,金风科技,4.4,270.88,4055.07,0.4055
016283,华泰柏瑞积极优选股票C,32405.48,中国建筑,3.94,666.38,3631.77,0.3632
016283,华泰柏瑞积极优选股票C,32405.48,松原安全,3.86,89.16,3557.67,0.3558
016283,华泰柏瑞积极优选股票C,32405.48,海尔智家,3.85,139.82,3541.64,0.3542
016283,华泰柏瑞积极优选股票C,32405.48,华域汽车,3.64,163.73,3356.47,0.3356
016283,华泰柏瑞积极优选股票C,32405.48,科达制造,3.46,260.72,3188.61,0.3189
016283,华泰柏瑞积极优选股票C,32405.48,新澳股份,3.25,440.15,2993.02,0.2993
016283,华泰柏瑞积极优选股票C,32405.48,中信特钢,3.05,206.29,2809.67,0.281
016283,华泰柏瑞积极优选股票C,32405.48,中联重科,2.98,342.49,2743.34,0.2743
016283,华泰柏瑞积极优选股票C,32405.48,海信家电,2.75,97.09,2528.22,0.2528
011499,富国沪深300基本面精选股票C,29205.76,洛阳钼业,4.29,225.0,3532.5,0.3532
011499,富国沪深300基本面精选股票C,29205.76,传音控股,4.11,36.46,3386.11,0.3386
011499,富国沪深300基本面精选股票C,29205.76,渝农商行,4.0,500.0,3295.0,0.3295
011499,富国沪深300基本面精选股票C,29205.76,徐工机械,3.77,270.0,3105.0,0.3105
011499,富国沪深300基本面精选股票C,29205.76,百利天恒,3.68,8.08,3031.0,0.3031
011499,富国沪深300基本面精选股票C,29205.76,铜陵有色,3.25,500.0,2680.01,0.268
011499,富国沪深300基本面精选股票C,29205.76,紫金矿业,3.22,90.0,2649.6,0.265
011499,富国沪深300基本面精选股票C,29205.76,兆易创新,3.14,12.11,2583.06,0.2583
011499,富国沪深300基本面精选股票C,29205.76,德赛西威,3.03,16.5,2495.3,0.2495
011499,富国沪深300基本面精选股票C,29205.76,宁德时代,2.97,6.09,2448.18,0.2448
015454,中欧中证500指数增强C,17855.39,西部矿业,1.52,102.26,2249.72,0.225
015454,中欧中证500指数增强C,17855.39,国金证券,1.32,191.41,1958.12,0.1958
015454,中欧中证500指数增强C,17855.39,胜宏科技,1.27,6.62,1890.01,0.189
015454,中欧中证500指数增强C,17855.39,华工科技,1.21,19.47,1800.59,0.1801
015454,中欧中证500指数增强C,17855.39,当升科技,1.2,26.92,1787.22,0.1787
015454,中欧中证500指数增强C,17855.39,财通证券,1.16,204.99,1726.02,0.1726
015454,中欧中证500指数增强C,17855.39,国联民生,1.1,146.75,1639.2,0.1639
015454,中欧中证500指数增强C,17855.39,芯联集成,1.1,247.76,1630.27,0.163
015454,中欧中证500指数增强C,17855.39,顾家家居,1.08,53.1,1602.03,0.1602
015454,中欧中证500指数增强C,17855.39,网宿科技,1.06,136.24,1572.21,0.1572
015868,国泰海通中证1000指数增强C,16430.92,紫江企业,0.83,248.54,1839.2,0.1839
015868,国泰海通中证1000指数增强C,16430.92,同方股份,0.8,219.91,1783.47,0.1783
015868,国泰海通中证1000指数增强C,16430.92,华邦健康,0.79,388.43,1767.36,0.1767
015868,国泰海通中证1000指数增强C,16430.92,中色股份,0.78,256.51,1739.12,0.1739
015868,国泰海通中证1000指数增强C,16430.92,剑桥科技,0.74,12.97,1657.57,0.1658
015868,国泰海通中证1000指数增强C,16430.92,四川黄金,0.74,59.58,1650.96,0.1651
015868,国泰海通中证1000指数增强C,16430.92,云天励飞,0.73,18.25,1615.19,0.1615
015868,国泰海通中证1000指数增强C,16430.92,概伦电子,0.67,35.24,1487.29,0.1487
015868,国泰海通中证1000指数增强C,16430.92,微芯生物,0.66,45.62,1463.57,0.1464
015868,国泰海通中证1000指数增强C,16430.92,海正药业,0.64,137.23,1427.19,0.1427
014345,鹏华中证500指数增强C,14762.56,乐普医疗,1.53,92.49,1620.42,0.162
014345,鹏华中证500指数增强C,14762.56,国联民生,1.49,140.68,1571.4,0.1571
014345,鹏华中证500指数增强C,14762.56,中科创达,1.44,19.64,1525.64,0.1526
014345,鹏华中证500指数增强C,14762.56,璞泰来,1.44,49.03,1516.01,0.1516
014345,鹏华中证500指数增强C,14762.56,九号公司,1.41,22.21,1485.51,0.1486
014345,鹏华中证500指数增强C,14762.56,晶晨股份,1.4,13.28,1476.47,0.1476
014345,鹏华中证500指数增强C,14762.56,完美世界,1.39,76.6,1467.66,0.1468
014345,鹏华中证500指数增强C,14762.56,横店东磁,1.36,70.15,1437.37,0.1437
014345,鹏华中证500指数增强C,14762.56,西部超导,1.3,21.09,1372.75,0.1373
014345,鹏华中证500指数增强C,14762.56,安琪酵母,1.22,32.6,1289.33,0.1289
004195,招商中证1000指数增强C,14393.26,湖北宜化,0.99,110.99,1633.77,0.1634
004195,招商中证1000指数增强C,14393.26,道通科技,0.94,39.45,1547.05,0.1547
004195,招商中证1000指数增强C,14393.26,移远通信,0.93,14.56,1530.55,0.1531
004195,招商中证1000指数增强C,14393.26,威迈斯,0.91,36.57,1499.93,0.15
004195,招商中证1000指数增强C,14393.26,日月股份,0.88,99.1,1455.78,0.1456
004195,招商中证1000指数增强C,14393.26,腾远钴业,0.88,19.1,1453.89,0.1454
004195,招商中证1000指数增强C,14393.26,时代新材,0.85,92.97,1404.78,0.1405
004195,招商中证1000指数增强C,14393.26,奥赛康,0.83,65.79,1363.83,0.1364
004195,招商中证1000指数增强C,14393.26,中钨高新,0.77,68.23,1271.12,0.1271
004195,招商中证1000指数增强C,14393.26,吉比特,0.75,2.17,1232.56,0.1233
006166,建信中证1000指数增强C,13136.49,大豪科技,1.14,90.86,1538.26,0.1538
006166,建信中证1000指数增强C,13136.49,深赛格,1.12,153.91,1509.86,0.151
006166,建信中证1000指数增强C,13136.49,大富科技,1.01,110.48,1356.69,0.1357
006166,建信中证1000指数增强C,13136.49,奥比中光,0.99,14.66,1335.53,0.1336
006166,建信中证1000指数增强C,13136.49,移远通信,0.98,12.6,1324.51,0.1325
006166,建信中证1000指数增强C,13136.49,华明装备,0.96,65.35,1294.58,0.1295
006166,建信中证1000指数增强C,13136.49,外服控股,0.94,240.66,1270.68,0.1271
006166,建信中证1000指数增强C,13136.49,江航装备,0.89,110.84,1204.83,0.1205
006166,建信中证1000指数增强C,13136.49,英洛华,0.86,108.26,1161.63,0.1162
006166,建信中证1000指数增强C,13136.49,西部创业,0.85,222.64,1139.92,0.114
009727,招商中证500等权重指数增强C,10220.52,杰瑞股份,1.07,19.4,1080.58,0.1081
009727,招商中证500等权重指数增强C,10220.52,完美世界,1.05,55.11,1055.91,0.1056
009727,招商中证500等权重指数增强C,10220.52,石化油服,1.02,497.62,1030.07,0.103
009727,招商中证500等权重指数增强C,10220.52,华测导航,1.02,29.03,1028.67,0.1029
009727,招商中证500等权重指数增强C,10220.52,深天马A,1.02,103.34,1025.13,0.1025
009727,招商中证500等权重指数增强C,10220.52,福田汽车,1.01,373.18,1022.51,0.1023
009727,招商中证500等权重指数增强C,10220.52,吉林敖东,1.0,50.2,1004.5,0.1004
009727,招商中证500等权重指数增强C,10220.52,科沃斯,0.99,9.32,1001.9,0.1002
009727,招商中证500等权重指数增强C,10220.52,西部超导,0.98,15.15,986.37,0.0986
009727,招商中证500等权重指数增强C,10220.52,金风科技,0.98,65.79,984.88,0.0985
012734,易方达中证人工智能主题ETF联接C,8774.36,寒武纪,0.14,1.14,1506.26,0.1506
012734,易方达中证人工智能主题ETF联接C,8774.36,新易盛,0.14,4.0,1464.76,0.1465
012734,易方达中证人工智能主题ETF联接C,8774.36,中际旭创,0.14,3.6,1453.25,0.1453
012734,易方达中证人工智能主题ETF联接C,8774.36,澜起科技,0.09,6.23,965.13,0.0965
012734,易方达中证人工智能主题ETF联接C,8774.36,中科曙光,0.09,7.98,951.62,0.0952
012734,易方达中证人工智能主题ETF联接C,8774.36,豪威集团,0.07,4.65,702.56,0.0703
012734,易方达中证人工智能主题ETF联接C,8774.36,科大讯飞,0.05,9.2,515.66,0.0516
012734,易方达中证人工智能主题ETF联接C,8774.36,海康威视,0.04,14.8,466.5,0.0466
012734,易方达中证人工智能主题ETF联接C,8774.36,金山办公,0.04,1.26,399.2,0.0399
012734,易方达中证人工智能主题ETF联接C,8774.36,芯原股份,0.03,1.91,349.42,0.0349
008586,华夏人工智能ETF联接C,8720.5,新易盛,0.31,4.95,1809.83,0.181
008586,华夏人工智能ETF联接C,8720.5,中际旭创,0.3,4.43,1788.3,0.1788
008586,华夏人工智能ETF联接C,8720.5,寒武纪,0.2,0.88,1167.59,0.1168
008586,华夏人工智能ETF联接C,8720.5,澜起科技,0.13,4.83,747.73,0.0748
008586,华夏人工智能ETF联接C,8720.5,中科曙光,0.13,6.18,736.97,0.0737
008586,华夏人工智能ETF联接C,8720.5,科大讯飞,0.11,11.53,646.26,0.0646
008586,华夏人工智能ETF联接C,8720.5,海康威视,0.1,18.42,580.6,0.0581
008586,华夏人工智能ETF联接C,8720.5,豪威集团,0.09,3.61,545.72,0.0546
008586,华夏人工智能ETF联接C,8720.5,浪潮信息,0.07,5.14,382.52,0.0383
008586,华夏人工智能ETF联接C,8720.5,金山办公,0.05,1.0,314.98,0.0315
020662,中加科技创新混合发起式C,7951.76,新易盛,8.84,3.18,1162.42,0.1162
020662,中加科技创新混合发起式C,7951.76,中际旭创,8.78,2.86,1154.52,0.1155
020662,中加科技创新混合发起式C,7951.76,胜宏科技,7.17,3.3,942.15,0.0942
020662,中加科技创新混合发起式C,7951.76,工业富联,5.85,11.66,769.68,0.077
020662,中加科技创新混合发起式C,7951.76,巨人网络,5.37,15.63,706.16,0.0706
020662,中加科技创新混合发起式C,7951.76,阿里巴巴-W,5.16,4.2,678.71,0.0679
020662,中加科技创新混合发起式C,7951.76,迈富时,5.03,13.81,660.67,0.0661
020662,中加科技创新混合发起式C,7951.76,阅文集团,4.91,17.92,645.92,0.0646
020662,中加科技创新混合发起式C,7951.76,天孚通信,4.9,3.84,644.35,0.0644
020662,中加科技创新混合发起式C,7951.76,拓普集团,4.47,7.25,587.18,0.0587
015508,兴业中证500指数增强C,7090.47,通富微电,1.28,19.61,787.73,0.0788
015508,兴业中证500指数增强C,7090.47,西部矿业,1.2,33.69,741.18,0.0741
015508,兴业中证500指数增强C,7090.47,赤峰黄金,1.2,24.89,736.25,0.0736
015508,兴业中证500指数增强C,7090.47,芯联集成,1.19,111.48,733.51,0.0734
015508,兴业中证500指数增强C,7090.47,水晶光电,1.15,26.74,707.01,0.0707
015508,兴业中证500指数增强C,7090.47,亨通光电,1.13,30.21,693.92,0.0694
015508,兴业中证500指数增强C,7090.47,杰瑞股份,1.12,12.39,690.12,0.069
015508,兴业中证500指数增强C,7090.47,宏发股份,1.1,25.6,674.82,0.0675
015508,兴业中证500指数增强C,7090.47,中科创达,1.09,8.64,671.16,0.0671
015508,兴业中证500指数增强C,7090.47,广联达,1.06,46.57,654.77,0.0655
008087,华夏中证5G通信主题ETF联接C,5698.5,新易盛,0.21,2.94,1074.45,0.1074
008087,华夏中证5G通信主题ETF联接C,5698.5,中际旭创,0.21,2.63,1060.87,0.1061
008087,华夏中证5G通信主题ETF联接C,5698.5,立讯精密,0.19,14.45,934.77,0.0935
008087,华夏中证5G通信主题ETF联接C,5698.5,工业富联,0.14,10.65,703.01,0.0703
008087,华夏中证5G通信主题ETF联接C,5698.5,中兴通讯,0.09,9.53,434.95,0.0435
008087,华夏中证5G通信主题ETF联接C,5698.5,兆易创新,0.08,1.79,381.25,0.0381
008087,华夏中证5G通信主题ETF联接C,5698.5,沪电股份,0.06,3.98,292.41,0.0292
008087,华夏中证5G通信主题ETF联接C,5698.5,华工科技,0.05,2.97,274.67,0.0275
008087,华夏中证5G通信主题ETF联接C,5698.5,歌尔股份,0.05,7.23,271.13,0.0271
008087,华夏中证5G通信主题ETF联接C,5698.5,东山精密,0.05,3.79,270.99,0.0271
012895,天弘中证科创创业50ETF联接C,4960.46,宁德时代,0.29,2.08,836.16,0.0836
012895,天弘中证科创创业50ETF联接C,4960.46,阳光电源,0.26,4.6,745.11,0.0745
012895,天弘中证科创创业50ETF联接C,4960.46,新易盛,0.23,1.8,658.39,0.0658
012895,天弘中证科创创业50ETF联接C,4960.46,中际旭创,0.23,1.62,653.96,0.0654
012895,天弘中证科创创业50ETF联接C,4960.46,汇川技术,0.2,6.88,576.68,0.0577
012895,天弘中证科创创业50ETF联接C,4960.46,迈瑞医疗,0.17,2.04,501.21,0.0501
012895,天弘中证科创创业50ETF联接C,4960.46,胜宏科技,0.11,1.11,316.91,0.0317
012895,天弘中证科创创业50ETF联接C,4960.46,泰格医药,0.09,4.28,248.24,0.0248
012895,天弘中证科创创业50ETF联接C,4960.46,康龙化成,0.08,6.56,234.52,0.0235
012895,天弘中证科创创业50ETF联接C,4960.46,亿纬锂能,0.07,2.08,189.28,0.0189
011613,华夏科创50ETF联接C,4669.82,中芯国际,0.08,6.0,841.44,0.0841
011613,华夏科创50ETF联接C,4669.82,海光信息,0.08,3.33,840.78,0.0841
011613,华夏科创50ETF联接C,4669.82,寒武纪,0.07,0.57,752.87,0.0753
011613,华夏科创50ETF联接C,4669.82,澜起科技,0.06,4.1,634.43,0.0634
011613,华夏科创50ETF联接C,4669.82,中微公司,0.04,1.57,468.31,0.0468
011613,华夏科创50ETF联接C,4669.82,联影医疗,0.03,1.87,284.12,0.0284
011613,华夏科创50ETF联接C,4669.82,金山办公,0.03,0.88,277.63,0.0278
011613,华夏科创50ETF联接C,4669.82,芯原股份,0.02,1.33,243.01,0.0243
011613,华夏科创50ETF联接C,4669.82,石头科技,0.02,0.78,164.49,0.0164
011613,华夏科创50ETF联接C,4669.82,传音控股,0.02,1.73,162.74,0.0163
004744,易方达创业板ETF联接C,4527.61,宁德时代,0.12,4.0,1608.96,0.1609
004744,易方达创业板ETF联接C,4527.61,东方财富,0.04,19.75,535.62,0.0536
004744,易方达创业板ETF联接C,4527.61,中际旭创,0.04,1.25,504.6,0.0505
004744,易方达创业板ETF联接C,4527.61,新易盛,0.04,1.25,457.21,0.0457
004744,易方达创业板ETF联接C,4527.61,阳光电源,0.03,2.25,364.46,0.0364
004744,易方达创业板ETF联接C,4527.61,胜宏科技,0.02,1.0,285.5,0.0286
004744,易方达创业板ETF联接C,4527.61,汇川技术,0.02,3.0,251.46,0.0251
004744,易方达创业板ETF联接C,4527.61,迈瑞医疗,0.01,0.75,184.27,0.0184
004744,易方达创业板ETF联接C,4527.61,亿纬锂能,0.01,2.0,182.0,0.0182
004744,易方达创业板ETF联接C,4527.61,温氏股份,0.01,8.25,153.53,0.0154
011609,易方达上证科创50联接C,4258.91,中芯国际,0.04,5.48,767.24,0.0767
011609,易方达上证科创50联接C,4258.91,海光信息,0.04,3.04,766.69,0.0767
011609,易方达上证科创50联接C,4258.91,寒武纪,0.03,0.52,686.88,0.0687
011609,易方达上证科创50联接C,4258.91,澜起科技,0.03,3.74,578.58,0.0579
011609,易方达上证科创50联接C,4258.91,中微公司,0.02,1.43,427.2,0.0427
011609,易方达上证科创50联接C,4258.91,联影医疗,0.01,1.71,258.98,0.0259
011609,易方达上证科创50联接C,4258.91,金山办公,0.01,0.8,253.2,0.0253
011609,易方达上证科创50联接C,4258.91,芯原股份,0.01,1.21,221.65,0.0222
011609,易方达上证科创50联接C,4258.91,石头科技,0.01,0.72,150.03,0.015
011609,易方达上证科创50联接C,4258.91,传音控股,0.01,1.58,148.46,0.0148
011615,工银科创ETF联接C,4171.06,寒武纪,0.23,0.68,902.99,0.0903
011615,工银科创ETF联接C,4171.06,海光信息,0.19,2.86,723.67,0.0724
011615,工银科创ETF联接C,4171.06,中芯国际,0.17,4.8,672.79,0.0673
011615,工银科创ETF联接C,4171.06,澜起科技,0.14,3.53,546.18,0.0546
011615,工银科创ETF联接C,4171.06,中微公司,0.1,1.36,406.36,0.0406
011615,工银科创ETF联接C,4171.06,金山办公,0.06,0.75,236.2,0.0236
011615,工银科创ETF联接C,4171.06,联影医疗,0.06,1.52,229.95,0.023
011615,工银科创ETF联接C,4171.06,芯原股份,0.05,1.01,185.6,0.0186
011615,工银科创ETF联接C,4171.06,华电新能,0.03,25.46,134.15,0.0134
011615,工银科创ETF联接C,4171.06,石头科技,0.03,0.63,133.17,0.0133
004343,南方创业板ETF联接C,4074.4,宁德时代,0.28,3.53,1418.78,0.1419
004343,南方创业板ETF联接C,4074.4,中际旭创,0.1,1.18,477.15,0.0477
004343,南方创业板ETF联接C,4074.4,东方财富,0.09,17.15,465.18,0.0465
004343,南方创业板ETF联接C,4074.4,新易盛,0.09,1.2,440.2,0.044
004343,南方创业板ETF联接C,4074.4,阳光电源,0.06,2.01,324.93,0.0325
004343,南方创业板ETF联接C,4074.4,胜宏科技,0.05,0.84,239.82,0.024
004343,南方创业板ETF联接C,4074.4,汇川技术,0.05,2.73,228.61,0.0229
004343,南方创业板ETF联接C,4074.4,迈瑞医疗,0.04,0.76,186.26,0.0186
004343,南方创业板ETF联接C,4074.4,亿纬锂能,0.03,1.73,157.43,0.0157
004343,南方创业板ETF联接C,4074.4,温氏股份,0.03,7.31,136.04,0.0136
001593,天弘创业板ETF联接C,3753.94,宁德时代,0.17,3.33,1336.81,0.1337
001593,天弘创业板ETF联接C,3753.94,东方财富,0.06,16.84,456.64,0.0457
001593,天弘创业板ETF联接C,3753.94,中际旭创,0.05,0.98,395.65,0.0396
001593,天弘创业板ETF联接C,3753.94,新易盛,0.05,1.06,387.72,0.0388
001593,天弘创业板ETF联接C,3753.94,阳光电源,0.04,1.74,282.14,0.0282
001593,天弘创业板ETF联接C,3753.94,胜宏科技,0.03,0.81,231.26,0.0231
001593,天弘创业板ETF联接C,3753.94,汇川技术,0.03,2.62,219.26,0.0219
001593,天弘创业板ETF联接C,3753.94,亿纬锂能,0.02,1.77,161.08,0.0161
001593,天弘创业板ETF联接C,3753.94,同花顺,0.02,0.41,151.2,0.0151
001593,天弘创业板ETF联接C,3753.94,迈瑞医疗,0.02,0.54,132.18,0.0132
012553,天弘芯片产业ETF联接C,2752.02,中芯国际,0.41,3.24,454.55,0.0455
012553,天弘芯片产业ETF联接C,2752.02,寒武纪,0.4,0.34,446.92,0.0447
012553,天弘芯片产业ETF联接C,2752.02,海光信息,0.34,1.5,379.53,0.038
012553,天弘芯片产业ETF联接C,2752.02,北方华创,0.28,0.69,312.13,0.0312
012553,天弘芯片产业ETF联接C,2752.02,澜起科技,0.26,1.89,293.07,0.0293
012553,天弘芯片产业ETF联接C,2752.02,兆易创新,0.21,1.1,235.42,0.0235
012553,天弘芯片产业ETF联接C,2752.02,豪威集团,0.19,1.41,212.86,0.0213
012553,天弘芯片产业ETF联接C,2752.02,中微公司,0.19,0.71,210.94,0.0211
012553,天弘芯片产业ETF联接C,2752.02,长电科技,0.09,2.37,104.49,0.0104
012553,天弘芯片产业ETF联接C,2752.02,芯原股份,0.09,0.56,102.11,0.0102
015857,格林碳中和主题混合C,1911.3,海目星,8.42,5.02,211.09,0.0211
015857,格林碳中和主题混合C,1911.3,中简科技,8.14,5.79,204.1,0.0204
015857,格林碳中和主题混合C,1911.3,凯赛生物,8.07,3.89,202.44,0.0202
015857,格林碳中和主题混合C,1911.3,华恒生物,7.79,5.8,195.46,0.0195
015857,格林碳中和主题混合C,1911.3,联赢激光,7.69,7.26,192.75,0.0193
015857,格林碳中和主题混合C,1911.3,中国燃气,7.49,26.94,187.96,0.0188
015857,格林碳中和主题混合C,1911.3,炬光科技,7.49,1.23,187.78,0.0188
015857,格林碳中和主题混合C,1911.3,杭可科技,7.2,4.94,180.62,0.0181
015857,格林碳中和主题混合C,1911.3,英诺激光,7.07,4.49,177.27,0.0177
015857,格林碳中和主题混合C,1911.3,ST逸飞,6.85,5.3,171.83,0.0172
001618,天弘中证电子ETF联接C,1525.15,立讯精密,0.21,3.51,227.06,0.0227
001618,天弘中证电子ETF联接C,1525.15,中芯国际,0.18,1.37,192.03,0.0192
001618,天弘中证电子ETF联接C,1525.15,工业富联,0.17,2.75,181.53,0.0182
001618,天弘中证电子ETF联接C,1525.15,寒武纪,0.15,0.13,166.16,0.0166
001618,天弘中证电子ETF联接C,1525.15,海光信息,0.15,0.63,158.43,0.0158
001618,天弘中证电子ETF联接C,1525.15,北方华创,0.12,0.29,132.77,0.0133
001618,天弘中证电子ETF联接C,1525.15,澜起科技,0.11,0.79,122.35,0.0122
001618,天弘中证电子ETF联接C,1525.15,中科曙光,0.11,1.02,121.64,0.0122
001618,天弘中证电子ETF联接C,1525.15,胜宏科技,0.11,0.41,117.06,0.0117
001618,天弘中证电子ETF联接C,1525.15,京东方A,0.1,25.51,106.12,0.0106
008888,华夏国证半导体芯片ETF联接C,1164.21,北方华创,0.02,0.8,361.89,0.0362
008888,华夏国证半导体芯片ETF联接C,1164.21,紫光国微,0.01,1.6,144.5,0.0144
008888,华夏国证半导体芯片ETF联接C,1164.21,华电新能,0.01,25.46,134.15,0.0134
008888,华夏国证半导体芯片ETF联接C,1164.21,通富微电,0.01,2.6,104.44,0.0104
008888,华夏国证半导体芯片ETF联接C,1164.21,圣邦股份,0.01,1.0,83.29,0.0083
008888,华夏国证半导体芯片ETF联接C,1164.21,北京君正,0.0,0.8,71.21,0.0071
008888,华夏国证半导体芯片ETF联接C,1164.21,华天科技,0.0,5.8,68.32,0.0068
008888,华夏国证半导体芯片ETF联接C,1164.21,卓胜微,0.0,0.8,66.5,0.0066
008888,华夏国证半导体芯片ETF联接C,1164.21,景嘉微,0.0,0.8,66.2,0.0066
008888,华夏国证半导体芯片ETF联接C,1164.21,晶盛机电,0.0,1.4,63.71,0.0064
004348,南方中证500ETF联接(LOF)C,1057.55,胜宏科技,0.03,0.95,271.23,0.0271
004348,南方中证500ETF联接(LOF)C,1057.55,华工科技,0.02,1.48,136.87,0.0137
004348,南方中证500ETF联接(LOF)C,1057.55,芯原股份,0.01,0.55,99.79,0.01
004348,南方中证500ETF联接(LOF)C,1057.55,巨人网络,0.01,1.99,89.91,0.009
004348,南方中证500ETF联接(LOF)C,1057.55,指南针,0.01,0.53,89.0,0.0089
004348,南方中证500ETF联接(LOF)C,1057.55,先导智能,0.01,1.27,79.02,0.0079
004348,南方中证500ETF联接(LOF)C,1057.55,润和软件,0.01,1.25,75.75,0.0076
004348,南方中证500ETF联接(LOF)C,1057.55,欣旺达,0.01,2.17,73.32,0.0073
004348,南方中证500ETF联接(LOF)C,1057.55,瑞芯微,0.01,0.32,72.18,0.0072
004348,南方中证500ETF联接(LOF)C,1057.55,恺英网络,0.01,2.51,70.48,0.007
008021,华富中证人工智能产业ETF联接C,193.46,恒玄科技,0.02,0.2,59.5,0.006
008021,华富中证人工智能产业ETF联接C,193.46,中科星图,0.01,0.6,26.12,0.0026
008021,华富中证人工智能产业ETF联接C,193.46,均胜电子,0.01,0.7,24.37,0.0024
008021,华富中证人工智能产业ETF联接C,193.46,凌云光,0.01,0.5,23.94,0.0024
008021,华富中证人工智能产业ETF联接C,193.46,虹软科技,0.01,0.3,17.79,0.0018
008021,华富中证人工智能产业ETF联接C,193.46,电科数字,0.01,0.5,14.37,0.0014
008021,华富中证人工智能产业ETF联接C,193.46,天准科技,0.0,0.2,11.61,0.0012
008021,华富中证人工智能产业ETF联接C,193.46,金山办公,0.0,0.02,6.33,0.0006
008021,华富中证人工智能产业ETF联接C,193.46,新点软件,0.0,0.2,5.58,0.0006
008021,华富中证人工智能产业ETF联接C,193.46,掌阅科技,0.0,0.2,3.85,0.0004
013811,广发科创板50ETF发起联接C,145.63,华电新能,0.06,25.46,134.15,0.0134
013811,广发科创板50ETF发起联接C,145.63,屹唐股份,0.0,0.35,8.24,0.0008
013811,广发科创板50ETF发起联接C,145.63,汉邦科技,0.0,0.02,0.89,0.0001
013811,广发科创板50ETF发起联接C,145.63,威高血净,0.0,0.02,0.77,0.0001
013811,广发科创板50ETF发起联接C,145.63,天富龙,0.0,0.02,0.56,0.0001
013811,广发科创板50ETF发起联接C,145.63,技源集团,0.0,0.02,0.35,0.0
013811,广发科创板50ETF发起联接C,145.63,海阳科技,0.0,0.01,0.35,0.0
013811,广发科创板50ETF发起联接C,145.63,华新精科,0.0,0.01,0.32,0.0
011036,嘉实中证稀土产业ETF联接C,132.96,北方稀土,0.03,1.81,41.01,0.0041
011036,嘉实中证稀土产业ETF联接C,132.96,卧龙电驱,0.01,0.65,17.22,0.0017
011036,嘉实中证稀土产业ETF联接C,132.96,中国铝业,0.01,1.92,14.32,0.0014
011036,嘉实中证稀土产业ETF联接C,132.96,厦门钨业,0.01,0.68,13.14,0.0013
011036,嘉实中证稀土产业ETF联接C,132.96,包钢股份,0.01,7.22,12.92,0.0013
011036,嘉实中证稀土产业ETF联接C,132.96,盛和资源,0.01,1.0,10.91,0.0011
011036,嘉实中证稀土产业ETF联接C,132.96,湘电股份,0.01,0.66,7.11,0.0007
011036,嘉实中证稀土产业ETF联接C,132.96,有研新材,0.01,0.42,6.93,0.0007
011036,嘉实中证稀土产业ETF联接C,132.96,科力远,0.0,0.95,4.74,0.0005
011036,嘉实中证稀土产业ETF联接C,132.96,广晟有色,0.0,0.14,4.66,0.0005
005919,天弘中证500ETF联接C,88.0,胜宏科技,0.01,0.06,17.13,0.0017
005919,天弘中证500ETF联接C,88.0,华天科技,0.01,1.45,17.08,0.0017
005919,天弘中证500ETF联接C,88.0,华工科技,0.0,0.1,9.26,0.0009
005919,天弘中证500ETF联接C,88.0,芯原股份,0.0,0.04,7.41,0.0007
005919,天弘中证500ETF联接C,88.0,先导智能,0.0,0.11,6.84,0.0007
005919,天弘中证500ETF联接C,88.0,深科技,0.0,0.23,6.43,0.0006
005919,天弘中证500ETF联接C,88.0,巨人网络,0.0,0.14,6.33,0.0006
005919,天弘中证500ETF联接C,88.0,百济神州,0.0,0.02,6.14,0.0006
005919,天弘中证500ETF联接C,88.0,恒玄科技,0.0,0.02,5.95,0.0006
005919,天弘中证500ETF联接C,88.0,指南针,0.0,0.03,5.43,0.0005
007818,国泰中证全指通信设备ETF联接C,73.44,恒为科技,0.03,2.07,73.44,0.0073
012630,广发国证半导体芯片ETF联接C,61.97,北方华创,0.01,0.05,22.62,0.0023
012630,广发国证半导体芯片ETF联接C,61.97,紫光国微,0.0,0.08,7.22,0.0007
012630,广发国证半导体芯片ETF联接C,61.97,通富微电,0.0,0.14,5.62,0.0006
012630,广发国证半导体芯片ETF联接C,61.97,圣邦股份,0.0,0.05,4.16,0.0004
012630,广发国证半导体芯片ETF联接C,61.97,卓胜微,0.0,0.05,4.16,0.0004
012630,广发国证半导体芯片ETF联接C,61.97,华天科技,0.0,0.33,3.89,0.0004
012630,广发国证半导体芯片ETF联接C,61.97,华大九天,0.0,0.03,3.79,0.0004
012630,广发国证半导体芯片ETF联接C,61.97,晶盛机电,0.0,0.08,3.64,0.0004
012630,广发国证半导体芯片ETF联接C,61.97,北京君正,0.0,0.04,3.56,0.0004
012630,广发国证半导体芯片ETF联接C,61.97,景嘉微,0.0,0.04,3.31,0.0003
012970,鹏华国证半导体芯片ETF联接C,44.99,紫光国微,0.04,0.24,31.64,0.0032
012970,鹏华国证半导体芯片ETF联接C,44.99,晶盛机电,0.02,0.21,13.35,0.0013
004433,南方中证申万有色金属ETF发起联接C,37.63,紫金矿业,0.01,0.44,7.98,0.0008
004433,南方中证申万有色金属ETF发起联接C,37.63,山东黄金,0.0,0.17,4.98,0.0005
004433,南方中证申万有色金属ETF发起联接C,37.63,中国铝业,0.0,0.52,4.63,0.0005
004433,南方中证申万有色金属ETF发起联接C,37.63,洛阳钼业,0.0,0.46,4.0,0.0004
004433,南方中证申万有色金属ETF发起联接C,37.63,中金黄金,0.0,0.26,3.95,0.0004
004433,南方中证申万有色金属ETF发起联接C,37.63,华友钴业,0.0,0.13,3.84,0.0004
004433,南方中证申万有色金属ETF发起联接C,37.63,北方稀土,0.0,0.14,2.89,0.0003
004433,南方中证申万有色金属ETF发起联接C,37.63,南山铝业,0.0,0.43,1.88,0.0002
004433,南方中证申万有色金属ETF发起联接C,37.63,宝钛股份,0.0,0.06,1.87,0.0002
004433,南方中证申万有色金属ETF发起联接C,37.63,赤峰黄金,0.0,0.08,1.61,0.0002
008282,国泰CES半导体芯片行业ETF联接C,34.96,华海清科,0.0,0.1,16.76,0.0017
008282,国泰CES半导体芯片行业ETF联接C,34.96,三安光电,0.0,0.54,6.56,0.0007
008282,国泰CES半导体芯片行业ETF联接C,34.96,晶晨股份,0.0,0.13,6.09,0.0006
008282,国泰CES半导体芯片行业ETF联接C,34.96,安路科技,0.0,0.11,2.76,0.0003
008282,国泰CES半导体芯片行业ETF联接C,34.96,华润微,0.0,0.05,1.84,0.0002
008282,国泰CES半导体芯片行业ETF联接C,34.96,天岳先进,0.0,0.02,0.86,0.0001
008282,国泰CES半导体芯片行业ETF联接C,34.96,思瑞浦,0.0,0.0,0.09,0.0
015877,富国中证消费电子主题ETF发起式联接C,30.89,工业富联,0.08,0.52,13.1,0.0013
015877,富国中证消费电子主题ETF发起式联接C,30.89,长电科技,0.03,0.16,5.65,0.0006
015877,富国中证消费电子主题ETF发起式联接C,30.89,和辉光电,0.02,1.36,3.43,0.0003
015877,富国中证消费电子主题ETF发起式联接C,30.89,珠海冠宇,0.02,0.17,2.88,0.0003
015877,富国中证消费电子主题ETF发起式联接C,30.89,闻泰科技,0.01,0.07,2.29,0.0002
015877,富国中证消费电子主题ETF发起式联接C,30.89,芯原股份,0.01,0.04,1.44,0.0001
015877,富国中证消费电子主题ETF发起式联接C,30.89,同方股份,0.01,0.18,1.13,0.0001
015877,富国中证消费电子主题ETF发起式联接C,30.89,立昂微,0.01,0.04,0.97,0.0001
160424,华安创业板50ETF联接C,11.79,赢时胜,0.03,0.48,5.38,0.0005
160424,华安创业板50ETF联接C,11.79,安科生物,0.02,0.35,5.27,0.0005
160424,华安创业板50ETF联接C,11.79,三环集团,0.0,0.05,1.0,0.0001
160424,华安创业板50ETF联接C,11.79,机器人,0.0,0.01,0.14,0.0
013305,易方达中证科创创业50联接C,9.18,智飞生物,0.0,0.27,9.01,0.0009
013305,易方达中证科创创业50联接C,9.18,铜冠矿建,0.0,0.04,0.17,0.0
006249,华夏创业板ETF联接C,5.83,兴齐眼药,0.0,0.01,0.92,0.0001
006249,华夏创业板ETF联接C,5.83,亿纬锂能,0.0,0.01,0.91,0.0001
006249,华夏创业板ETF联接C,5.83,汇川技术,0.0,0.01,0.84,0.0001
006249,华夏创业板ETF联接C,5.83,中科创达,0.0,0.01,0.78,0.0001
006249,华夏创业板ETF联接C,5.83,软通动力,0.0,0.01,0.55,0.0001
006249,华夏创业板ETF联接C,5.83,东方财富,0.0,0.02,0.54,0.0001
006249,华夏创业板ETF联接C,5.83,三环集团,0.0,0.01,0.46,0.0
006249,华夏创业板ETF联接C,5.83,金龙鱼,0.0,0.01,0.32,0.0
006249,华夏创业板ETF联接C,5.83,信维通信,0.0,0.01,0.26,0.0
006249,华夏创业板ETF联接C,5.83,三角防务,0.0,0.01,0.25,0.0
003766,广发创业板ETF发起式联接C,5.1,三协电机,0.0,0.02,1.39,0.0001
003766,广发创业板ETF发起式联接C,5.1,天孚通信,0.0,0.01,1.34,0.0001
003766,广发创业板ETF发起式联接C,5.1,阳光电源,0.0,0.01,1.31,0.0001
003766,广发创业板ETF发起式联接C,5.1,汇川技术,0.0,0.01,0.58,0.0001
003766,广发创业板ETF发起式联接C,5.1,全志科技,0.0,0.01,0.3,0.0
003766,广发创业板ETF发起式联接C,5.1,东方财富,0.0,0.01,0.16,0.0
003766,广发创业板ETF发起式联接C,5.1,蓝思科技,0.0,0.0,0.02,0.0
013277,富国创业板ETF联接C,0.42,平安电工,0.0,0.02,0.42,0.0
012908,鹏扬中证科创创业50ETF联接C,0.41,奥美森,0.0,0.03,0.25,0.0
012908,鹏扬中证科创创业50ETF联接C,0.41,长江能科,0.0,0.03,0.16,0.0
007029,易方达中证500ETF联接发起式C,0.41,奥美森,0.0,0.03,0.25,0.0
007029,易方达中证500ETF联接发起式C,0.41,长江能科,0.0,0.03,0.16,0.0
007301,国联安中证半导体ETF联接C,0.07,恒玄科技,0.0,0.0,0.07,0.0
