基金代码,基金简称,股票简称,占净值比例,持股数_万,持仓市值_万
018994,简称缺失,新易盛,9.41,335.13,122579.04
018994,简称缺失,阿里巴巴-W,8.99,724.57,117090.51
018994,简称缺失,中际旭创,8.63,278.48,112416.81
018994,简称缺失,天孚通信,5.06,392.59,65877.22
018994,简称缺失,新泉股份,5.04,790.4,65635.19
018994,简称缺失,三花智控,4.4,1184.24,57352.91
018994,简称缺失,腾讯控股,4.24,91.31,55270.86
018994,简称缺失,中芯国际,3.52,631.95,45898.53
018994,简称缺失,沪电股份,3.45,611.41,44920.24
018994,简称缺失,生益科技,3.39,818.19,44198.83
008888,简称缺失,北方华创,0.02,0.8,361.89
008888,简称缺失,紫光国微,0.01,1.6,144.5
008888,简称缺失,华电新能,0.01,25.46,134.15
008888,简称缺失,通富微电,0.01,2.6,104.44
008888,简称缺失,圣邦股份,0.01,1.0,83.29
008888,简称缺失,北京君正,0.0,0.8,71.21
008888,简称缺失,华天科技,0.0,5.8,68.32
008888,简称缺失,卓胜微,0.0,0.8,66.5
008888,简称缺失,景嘉微,0.0,0.8,66.2
008888,简称缺失,晶盛机电,0.0,1.4,63.71
017437,简称缺失,英伟达,9.9,85.29,113075.64
017437,简称缺失,微软,8.06,25.01,92057.4
017437,简称缺失,特斯拉,7.91,28.58,90313.18
017437,简称缺失,苹果,7.85,49.53,89608.07
017437,简称缺失,博通,6.87,33.48,78471.51
017437,简称缺失,谷歌-C,5.98,39.46,68294.9
017437,简称缺失,迈威尔科技,5.68,108.68,64923.23
017437,简称缺失,奈飞,5.54,7.42,63230.88
017437,简称缺失,Meta Platforms Inc-A,5.51,12.06,62920.3
017437,简称缺失,亚马逊,5.51,40.3,62881.25
015290,简称缺失,中国燃气,7.15,1015.72,7086.55
015290,简称缺失,中简科技,7.06,198.59,7000.38
015290,简称缺失,视源股份,5.49,136.76,5443.19
015290,简称缺失,力诺药包,5.45,314.33,5409.58
015290,简称缺失,东方雨虹,5.37,432.7,5330.84
015290,简称缺失,申洲国际,5.17,90.77,5123.67
015290,简称缺失,美埃科技,5.01,97.85,4970.54
015290,简称缺失,中国东方教育,4.26,604.2,4226.49
015290,简称缺失,敏实集团,4.0,128.0,3963.6
015290,简称缺失,思维列控,3.97,117.56,3938.14
015857,简称缺失,海目星,8.42,5.02,211.09
015857,简称缺失,中简科技,8.14,5.79,204.1
015857,简称缺失,凯赛生物,8.07,3.89,202.44
015857,简称缺失,华恒生物,7.79,5.8,195.46
015857,简称缺失,联赢激光,7.69,7.26,192.75
015857,简称缺失,中国燃气,7.49,26.94,187.96
015857,简称缺失,炬光科技,7.49,1.23,187.78
015857,简称缺失,杭可科技,7.2,4.94,180.62
015857,简称缺失,英诺激光,7.07,4.49,177.27
015857,简称缺失,ST逸飞,6.85,5.3,171.83
160424,简称缺失,赢时胜,0.03,0.48,5.38
160424,简称缺失,安科生物,0.02,0.35,5.27
160424,简称缺失,三环集团,0.0,0.05,1.0
160424,简称缺失,机器人,0.0,0.01,0.14
020398,简称缺失,康方生物,8.69,152.07,19603.26
020398,简称缺失,百济神州,8.63,103.94,19471.79
020398,简称缺失,信达生物,8.53,218.67,19245.43
020398,简称缺失,科伦博泰生物-B,8.38,40.27,18897.57
020398,简称缺失,翰森制药,8.16,558.86,18398.94
020398,简称缺失,映恩生物-B,7.36,50.05,16614.57
020398,简称缺失,恒瑞医药,6.92,192.52,15608.1
020398,简称缺失,诺诚健华,4.6,607.5,10382.77
020398,简称缺失,荣昌生物,4.38,92.26,9871.66
020398,简称缺失,中国生物制药,4.18,1267.46,9419.31
015389,简称缺失,新易盛,7.95,32.47,11876.04
015389,简称缺失,中际旭创,7.64,28.28,11416.07
015389,简称缺失,胜宏科技,7.35,38.49,10988.9
015389,简称缺失,天孚通信,5.63,50.12,8410.74
015389,简称缺失,隆盛科技,4.97,117.89,7422.35
015389,简称缺失,立讯精密,4.63,107.07,6926.36
015389,简称缺失,震裕科技,4.46,35.43,6667.29
015389,简称缺失,蓝思科技,3.99,178.02,5960.11
015389,简称缺失,巨人网络,3.96,130.97,5917.22
015389,简称缺失,工业富联,3.91,88.51,5842.55
019514,简称缺失,新易盛,8.98,18.44,6744.8
019514,简称缺失,寒武纪,8.74,4.95,6564.98
019514,简称缺失,中际旭创,6.25,11.64,4698.79
019514,简称缺失,工业富联,5.59,63.6,4198.24
019514,简称缺失,浙江荣泰,5.18,34.57,3892.08
019514,简称缺失,海光信息,4.84,14.4,3636.78
019514,简称缺失,胜宏科技,4.83,12.7,3625.85
019514,简称缺失,歌尔股份,3.95,79.1,2966.25
019514,简称缺失,ST华通,3.69,133.83,2771.62
019514,简称缺失,骄成超声,3.55,27.73,2664.29
021500,简称缺失,中际旭创,9.17,22.67,9151.43
021500,简称缺失,新易盛,8.55,23.31,8526.79
021500,简称缺失,沪电股份,6.26,84.92,6239.07
021500,简称缺失,工业富联,5.58,84.29,5563.98
021500,简称缺失,胜宏科技,5.07,17.71,5056.21
021500,简称缺失,宁德时代,5.07,12.57,5053.14
021500,简称缺失,源杰科技,4.79,11.13,4773.78
021500,简称缺失,兆易创新,4.28,20.0,4266.0
021500,简称缺失,拓普集团,4.21,51.86,4200.14
021500,简称缺失,浙江荣泰,3.98,35.3,3974.07
009645,简称缺失,胜宏科技,9.5,131.49,37540.4
009645,简称缺失,寒武纪,9.05,26.99,35761.09
009645,简称缺失,兆易创新,8.36,154.91,33042.3
009645,简称缺失,芯原股份,7.67,165.52,30290.64
009645,简称缺失,锐捷网络,7.33,323.88,28958.0
009645,简称缺失,瑞芯微,6.91,120.99,27289.29
009645,简称缺失,英维克,6.57,324.84,25980.83
009645,简称缺失,华丰科技,6.4,257.1,25298.35
009645,简称缺失,盛科通信,6.27,195.75,24766.13
009645,简称缺失,中科曙光,6.0,198.68,23692.59
018957,简称缺失,英维克,9.75,1612.67,128981.64
018957,简称缺失,新易盛,9.71,351.4,128531.29
018957,简称缺失,中际旭创,9.52,312.16,126013.72
018957,简称缺失,胜宏科技,9.18,425.26,121411.73
018957,简称缺失,源杰科技,9.05,279.07,119719.79
018957,简称缺失,天孚通信,8.85,697.58,117054.26
018957,简称缺失,沪电股份,5.52,993.64,73002.67
018957,简称缺失,光库科技,5.45,606.69,72074.32
018957,简称缺失,德科立,5.16,564.45,68310.17
018957,简称缺失,东山精密,5.06,935.79,66908.83
020662,简称缺失,新易盛,8.84,3.18,1162.42
020662,简称缺失,中际旭创,8.78,2.86,1154.52
020662,简称缺失,胜宏科技,7.17,3.3,942.15
020662,简称缺失,工业富联,5.85,11.66,769.68
020662,简称缺失,巨人网络,5.37,15.63,706.16
020662,简称缺失,阿里巴巴-W,5.16,4.2,678.71
020662,简称缺失,迈富时,5.03,13.81,660.67
020662,简称缺失,阅文集团,4.91,17.92,645.92
020662,简称缺失,天孚通信,4.9,3.84,644.35
020662,简称缺失,拓普集团,4.47,7.25,587.18
017811,简称缺失,中微公司,9.19,166.75,49855.95
017811,简称缺失,北方华创,9.14,109.65,49602.09
017811,简称缺失,芯源微,9.11,331.59,49406.64
017811,简称缺失,拓荆科技,9.1,189.84,49392.99
017811,简称缺失,华海清科,9.06,297.59,49161.46
017811,简称缺失,中科飞测,8.79,411.17,47708.4
017811,简称缺失,盛美上海,8.46,227.48,45906.21
017811,简称缺失,京仪装备,8.31,447.24,45090.57
017811,简称缺失,富创精密,8.03,586.72,43581.44
017811,简称缺失,精测电子,7.81,539.31,42346.83
519022,简称缺失,顺丰控股,8.85,442.69,17853.73
519022,简称缺失,传音控股,8.43,180.57,17009.52
519022,简称缺失,美的集团,8.35,231.73,16837.82
519022,简称缺失,东鹏饮料,7.91,52.94,15954.01
519022,简称缺失,宁德时代,7.87,39.49,15874.14
519022,简称缺失,立讯精密,7.83,243.97,15782.35
519022,简称缺失,百济神州,6.94,45.62,14002.19
519022,简称缺失,恒瑞医药,6.61,186.31,13330.42
519022,简称缺失,贵州茅台,5.94,8.3,11979.34
519022,简称缺失,迈瑞医疗,5.03,41.32,10150.81
016616,简称缺失,聚和材料,9.77,341.36,27971.13
016616,简称缺失,良信股份,8.92,2250.98,25548.6
016616,简称缺失,凯迪股份,8.56,260.39,24502.6
016616,简称缺失,新泉股份,8.32,286.78,23814.46
016616,简称缺失,峰岹科技,7.82,92.04,22386.97
016616,简称缺失,思源电气,6.76,177.69,19371.72
016616,简称缺失,骏鼎达,6.19,189.01,17728.99
016616,简称缺失,石英股份,5.95,420.66,17028.32
016616,简称缺失,翔楼新材,5.52,264.41,15809.25
016616,简称缺失,凌云股份,4.58,942.2,13115.38
016600,简称缺失,兆易创新,9.71,189.06,40326.6
016600,简称缺失,海光信息,9.63,158.27,39979.66
016600,简称缺失,新易盛,9.4,106.69,39023.38
016600,简称缺失,中际旭创,9.21,94.75,38250.29
016600,简称缺失,天孚通信,8.0,197.94,33214.94
016600,简称缺失,中兴通讯,6.66,605.98,27656.93
016600,简称缺失,恒玄科技,6.4,89.34,26579.87
016600,简称缺失,乐鑫科技,4.74,90.81,19692.12
016600,简称缺失,荃银高科,3.58,1619.42,14850.1
016600,简称缺失,潞安环能,3.54,1033.39,14715.47
016371,简称缺失,沪电股份,9.85,601.57,44197.37
016371,简称缺失,胜宏科技,9.8,154.0,43966.89
016371,简称缺失,工业富联,9.69,658.75,43484.4
016371,简称缺失,新易盛,9.57,117.43,42953.1
016371,简称缺失,天孚通信,9.55,255.38,42851.94
016371,简称缺失,中际旭创,9.51,105.69,42666.68
016371,简称缺失,宏和科技,6.58,846.69,29524.08
016371,简称缺失,铜冠铜箔,6.53,937.8,29287.5
016371,简称缺失,麦格米特,5.54,321.13,24878.28
016371,简称缺失,长芯博创,5.24,229.33,23498.13
015971,简称缺失,宁德时代,8.69,18.5,7436.2
015971,简称缺失,中际旭创,7.85,16.63,6713.2
015971,简称缺失,新易盛,7.58,17.73,6483.64
015971,简称缺失,腾讯控股,6.07,8.58,5193.34
015971,简称缺失,中芯国际,5.2,61.3,4451.89
015971,简称缺失,阿里巴巴-W,4.06,21.48,3471.11
015971,简称缺失,德赛西威,3.99,22.59,3416.29
015971,简称缺失,英科医疗,3.23,75.26,2764.92
015971,简称缺失,药明合联,2.97,35.55,2541.34
015971,简称缺失,天孚通信,2.44,12.44,2087.43
015877,简称缺失,工业富联,0.08,0.52,13.1
015877,简称缺失,长电科技,0.03,0.16,5.65
015877,简称缺失,和辉光电,0.02,1.36,3.43
015877,简称缺失,珠海冠宇,0.02,0.17,2.88
015877,简称缺失,闻泰科技,0.01,0.07,2.29
015877,简称缺失,芯原股份,0.01,0.04,1.44
015877,简称缺失,同方股份,0.01,0.18,1.13
015877,简称缺失,立昂微,0.01,0.04,0.97
015947,简称缺失,睿创微纳,6.54,131.96,11670.49
015947,简称缺失,长芯博创,5.7,95.69,10168.98
015947,简称缺失,天奈科技,4.77,123.6,8511.05
015947,简称缺失,佳驰科技,3.86,96.68,6897.85
015947,简称缺失,紫金矿业,3.7,224.37,6605.45
015947,简称缺失,天孚通信,3.66,38.89,6525.74
015947,简称缺失,中际旭创,3.29,14.55,5873.54
015947,简称缺失,完美世界,2.75,256.39,4912.43
015947,简称缺失,应流股份,2.74,150.42,4891.66
015947,简称缺失,三环集团,2.65,102.21,4735.39
015868,简称缺失,紫江企业,0.83,248.54,1839.2
015868,简称缺失,同方股份,0.8,219.91,1783.47
015868,简称缺失,华邦健康,0.79,388.43,1767.36
015868,简称缺失,中色股份,0.78,256.51,1739.12
015868,简称缺失,剑桥科技,0.74,12.97,1657.57
015868,简称缺失,四川黄金,0.74,59.58,1650.96
015868,简称缺失,云天励飞,0.73,18.25,1615.19
015868,简称缺失,概伦电子,0.67,35.24,1487.29
015868,简称缺失,微芯生物,0.66,45.62,1463.57
015868,简称缺失,海正药业,0.64,137.23,1427.19
015751,简称缺失,泡泡玛特,8.12,475.14,115736.06
015751,简称缺失,工业富联,7.62,1644.25,108536.98
015751,简称缺失,小米集团-W,7.59,2193.36,108134.67
015751,简称缺失,新易盛,7.5,292.19,106873.28
015751,简称缺失,水晶光电,7.29,3928.99,103882.62
015751,简称缺失,腾讯控股,6.74,158.59,95995.44
015751,简称缺失,九号公司,6.18,1321.64,88093.54
015751,简称缺失,老铺黄金,6.02,131.91,85747.01
015751,简称缺失,高伟电子,5.97,2387.0,84992.05
015751,简称缺失,蓝思科技,5.92,2520.23,84377.14
015686,简称缺失,新易盛,9.42,254.02,92914.36
015686,简称缺失,寒武纪,9.01,67.05,88841.65
015686,简称缺失,中际旭创,8.72,212.95,85965.27
015686,简称缺失,兆易创新,8.48,392.2,83656.52
015686,简称缺失,沪电股份,7.49,1004.73,73817.62
015686,简称缺失,深南电路,5.76,262.05,56770.73
015686,简称缺失,南芯科技,3.51,670.24,34577.61
015686,简称缺失,龙迅股份,3.34,442.44,32891.33
015686,简称缺失,瑞芯微,3.31,144.77,32653.93
015686,简称缺失,东山精密,3.29,453.18,32402.08
016049,简称缺失,环旭电子,7.9,1444.14,31583.29
016049,简称缺失,长飞光纤光缆,7.31,675.89,29200.02
016049,简称缺失,微创医疗,5.29,1679.12,21140.12
016049,简称缺失,固德威,2.77,171.04,11064.87
016049,简称缺失,TCL中环,2.5,1106.0,10009.26
016049,简称缺失,阳光保险,2.32,2641.8,9261.74
016049,简称缺失,阿里巴巴-W,1.98,48.95,7910.87
016049,简称缺失,阅文集团,1.95,216.28,7795.69
016049,简称缺失,中国海洋石油,1.93,443.46,7708.76
016049,简称缺失,金山云,1.87,998.8,7486.57
015642,简称缺失,歌尔股份,5.84,247.15,9268.05
015642,简称缺失,申通快递,5.6,496.51,8887.53
015642,简称缺失,九方智投控股,5.49,128.05,8721.27
015642,简称缺失,龙旗科技,5.24,173.3,8318.19
015642,简称缺失,圆通速递,5.14,444.63,8158.95
015642,简称缺失,京仪装备,4.7,74.07,7467.57
015642,简称缺失,开普云,4.43,34.33,7038.18
015642,简称缺失,合锻智能,4.06,328.09,6446.97
015642,简称缺失,灿芯股份,3.4,53.01,5401.0
015642,简称缺失,晶合集成,3.15,143.77,5010.28
015968,简称缺失,中芯国际,9.85,1280.0,92963.28
015968,简称缺失,北方华创,8.63,180.0,81424.8
015968,简称缺失,中科飞测,7.38,600.0,69618.0
015968,简称缺失,汇成真空,7.34,400.0,69252.0
015968,简称缺失,茂莱光学,6.98,150.0,65850.0
015968,简称缺失,奥普光电,5.8,950.0,54767.5
015968,简称缺失,福晶科技,5.27,1000.0,49700.0
015968,简称缺失,芯源微,4.74,300.0,44700.0
015968,简称缺失,华海清科,4.38,250.0,41300.0
015968,简称缺失,燕东微,3.78,1300.0,35659.0
015690,简称缺失,深南电路,9.39,187.84,40693.7
015690,简称缺失,兆易创新,6.48,131.62,28074.55
015690,简称缺失,巨人网络,6.34,607.45,27444.61
015690,简称缺失,东山精密,5.21,315.88,22585.42
015690,简称缺失,新易盛,5.17,61.19,22381.8
015690,简称缺失,中际旭创,4.86,52.13,21044.65
015690,简称缺失,沪电股份,3.61,213.04,15652.2
015690,简称缺失,华曙高科,3.5,288.46,15181.89
015690,简称缺失,绿联科技,3.38,235.74,14629.6
015690,简称缺失,瑞芯微,3.19,61.28,13821.7
016465,简称缺失,宁德时代,7.79,54.78,22022.57
016465,简称缺失,电连技术,5.51,273.32,15579.33
016465,简称缺失,腾讯控股,4.89,22.85,13831.24
016465,简称缺失,高伟电子,4.37,347.1,12358.92
016465,简称缺失,三环集团,3.94,240.25,11130.9
016465,简称缺失,信达生物,3.86,124.1,10922.2
016465,简称缺失,东山精密,3.58,141.64,10127.4
016465,简称缺失,继峰股份,3.55,757.36,10050.14
016465,简称缺失,立讯精密,3.54,154.55,9997.67
016465,简称缺失,科博达,3.45,93.19,9745.47
016238,简称缺失,澜起科技,5.17,43.17,6682.02
016238,简称缺失,翱捷科技,3.98,46.49,5136.86
016238,简称缺失,概伦电子,3.74,114.58,4836.34
016238,简称缺失,杰华特,3.33,74.14,4303.58
016238,简称缺失,北京君正,3.23,46.83,4168.34
016238,简称缺失,华勤技术,3.22,39.48,4159.31
016238,简称缺失,东材科技,3.19,203.3,4114.79
016238,简称缺失,昊华科技,2.98,125.17,3845.22
016238,简称缺失,佰维存储,2.97,36.76,3834.42
016238,简称缺失,江波龙,2.64,19.14,3407.16
015683,简称缺失,中际旭创,8.61,47.8,19295.9
015683,简称缺失,新易盛,8.56,52.49,19199.78
015683,简称缺失,腾讯控股,7.83,28.99,17547.81
015683,简称缺失,阿里巴巴-W,6.49,90.0,14543.77
015683,简称缺失,工业富联,6.34,215.38,14216.97
015683,简称缺失,沪电股份,6.23,190.1,13966.48
015683,简称缺失,拓普集团,4.6,127.44,10321.37
015683,简称缺失,源杰科技,3.83,20.0,8580.0
015683,简称缺失,恺英网络,3.32,265.15,7445.29
015683,简称缺失,小米集团-W,3.3,150.0,7395.14
015454,简称缺失,西部矿业,1.52,102.26,2249.72
015454,简称缺失,国金证券,1.32,191.41,1958.12
015454,简称缺失,胜宏科技,1.27,6.62,1890.01
015454,简称缺失,华工科技,1.21,19.47,1800.59
015454,简称缺失,当升科技,1.2,26.92,1787.22
015454,简称缺失,财通证券,1.16,204.99,1726.02
015454,简称缺失,国联民生,1.1,146.75,1639.2
015454,简称缺失,芯联集成,1.1,247.76,1630.27
015454,简称缺失,顾家家居,1.08,53.1,1602.03
015454,简称缺失,网宿科技,1.06,136.24,1572.21
016283,简称缺失,金风科技,4.4,270.88,4055.07
016283,简称缺失,中国建筑,3.94,666.38,3631.77
016283,简称缺失,松原安全,3.86,89.16,3557.67
016283,简称缺失,海尔智家,3.85,139.82,3541.64
016283,简称缺失,华域汽车,3.64,163.73,3356.47
016283,简称缺失,科达制造,3.46,260.72,3188.61
016283,简称缺失,新澳股份,3.25,440.15,2993.02
016283,简称缺失,中信特钢,3.05,206.29,2809.67
016283,简称缺失,中联重科,2.98,342.49,2743.34
016283,简称缺失,海信家电,2.75,97.09,2528.22
015152,简称缺失,立讯精密,9.41,290.0,18760.1
015152,简称缺失,豪威集团,9.37,123.61,18686.12
015152,简称缺失,新易盛,9.36,51.0,18654.27
015152,简称缺失,德赛西威,8.95,118.02,17848.1
015152,简称缺失,中际旭创,8.1,40.0,16147.2
015152,简称缺失,兆易创新,7.5,70.09,14950.2
015152,简称缺失,歌尔股份,6.77,360.01,13500.38
015152,简称缺失,拓普集团,5.08,125.0,10123.75
015152,简称缺失,瑞芯微,4.75,42.01,9475.36
015152,简称缺失,沪电股份,4.61,125.0,9183.75
015508,简称缺失,通富微电,1.28,19.61,787.73
015508,简称缺失,西部矿业,1.2,33.69,741.18
015508,简称缺失,赤峰黄金,1.2,24.89,736.25
015508,简称缺失,芯联集成,1.19,111.48,733.51
015508,简称缺失,水晶光电,1.15,26.74,707.01
015508,简称缺失,亨通光电,1.13,30.21,693.92
015508,简称缺失,杰瑞股份,1.12,12.39,690.12
015508,简称缺失,宏发股份,1.1,25.6,674.82
015508,简称缺失,中科创达,1.09,8.64,671.16
015508,简称缺失,广联达,1.06,46.57,654.77
016068,简称缺失,拓普集团,5.26,158.37,12826.78
016068,简称缺失,亿纬锂能,4.33,115.88,10545.35
016068,简称缺失,华友钴业,4.23,156.47,10311.66
016068,简称缺失,三花智控,3.95,199.05,9639.99
016068,简称缺失,天赐材料,3.59,229.3,8752.54
016068,简称缺失,中创新航,3.43,257.97,8351.59
016068,简称缺失,兆丰股份,3.16,74.37,7705.15
016068,简称缺失,赣锋锂业,2.78,111.47,6786.42
016068,简称缺失,湖南裕能,2.75,111.13,6714.52
016068,简称缺失,富临精工,2.75,302.13,6713.26
014985,简称缺失,宁德时代,22.89,101.24,40696.71
014985,简称缺失,中际旭创,7.72,33.99,13722.01
014985,简称缺失,东方财富,7.51,492.21,13348.74
014985,简称缺失,新易盛,7.12,34.62,12663.4
014985,简称缺失,阳光电源,5.24,57.53,9318.14
014985,简称缺失,胜宏科技,3.86,24.05,6866.28
014985,简称缺失,汇川技术,3.68,78.18,6552.68
014985,简称缺失,迈瑞医疗,2.98,21.59,5303.93
014985,简称缺失,亿纬锂能,2.54,49.63,4516.74
014985,简称缺失,同花顺,1.68,8.04,2988.66
014855,简称缺失,中微公司,9.74,130.65,39063.64
014855,简称缺失,北方华创,9.7,85.98,38894.46
014855,简称缺失,寒武纪,9.29,28.13,37270.4
014855,简称缺失,中芯国际,9.28,265.47,37200.96
014855,简称缺失,海光信息,7.84,124.49,31445.8
014855,简称缺失,长川科技,5.19,208.93,20814.09
014855,简称缺失,华海清科,5.18,125.8,20782.52
014855,简称缺失,拓荆科技,4.8,74.01,19255.64
014855,简称缺失,中科飞测,3.34,115.48,13398.99
014855,简称缺失,南大光电,3.12,288.15,12511.61
014954,简称缺失,华勤技术,8.16,111.86,11785.43
014954,简称缺失,佰维存储,5.36,74.25,7744.06
014954,简称缺失,歌尔股份,4.4,169.51,6356.63
014954,简称缺失,华虹公司,3.98,50.15,5745.24
014954,简称缺失,晶晨股份,3.59,46.65,5186.34
014954,简称缺失,江淮汽车,3.53,94.46,5091.39
014954,简称缺失,兆易创新,3.08,20.87,4451.57
014954,简称缺失,恒玄科技,1.91,9.3,2765.41
014954,简称缺失,炬芯科技,1.91,44.35,2758.81
014954,简称缺失,欣旺达,1.84,78.76,2661.3
014544,简称缺失,中际旭创,10.12,54.11,11391.24
014544,简称缺失,新易盛,10.0,60.4,11258.37
014544,简称缺失,腾讯控股,8.53,18.56,9598.36
014544,简称缺失,阿里巴巴-W,7.73,81.94,8698.72
014544,简称缺失,中科曙光,5.45,89.06,6137.99
014544,简称缺失,金山办公,3.88,14.1,4364.94
014544,简称缺失,金蝶国际,3.23,215.9,3637.33
014544,简称缺失,浪潮信息,3.08,62.73,3468.34
014544,简称缺失,恒生电子,2.85,92.12,3213.29
014544,简称缺失,紫光股份,2.7,121.87,3034.56
014728,简称缺失,新易盛,9.27,107.05,39154.43
014728,简称缺失,工业富联,9.22,589.79,38931.99
014728,简称缺失,中际旭创,6.62,69.2,27936.31
014728,简称缺失,深南电路,5.89,114.72,24853.2
014728,简称缺失,欣旺达,4.58,572.26,19336.67
014728,简称缺失,沪电股份,4.43,254.4,18690.57
014728,简称缺失,腾讯控股,3.93,27.41,16591.43
014728,简称缺失,大族激光,2.5,258.93,10541.02
014728,简称缺失,ST华通,2.04,416.81,8632.05
014728,简称缺失,中天科技,1.95,435.68,8242.97
014377,简称缺失,豪威集团,9.35,49.5,7482.92
014377,简称缺失,德赛西威,9.26,49.0,7410.27
014377,简称缺失,立讯精密,8.89,110.0,7115.9
014377,简称缺失,小鹏汽车-W,8.82,83.0,7058.66
014377,简称缺失,理想汽车-W,8.21,71.0,6572.91
014377,简称缺失,拓普集团,7.18,71.0,5750.29
014377,简称缺失,兆易创新,5.33,20.0,4266.0
014377,简称缺失,伯特利,5.05,75.0,4041.75
014377,简称缺失,华阳集团,4.99,118.0,3995.48
014377,简称缺失,瑞芯微,4.79,17.0,3834.35
015039,简称缺失,宁德时代,3.99,55.0,22110.0
015039,简称缺失,长川科技,3.05,170.0,16935.4
015039,简称缺失,水晶光电,2.38,500.0,13220.0
015039,简称缺失,中国人寿,2.18,305.0,12090.2
015039,简称缺失,中芯国际,2.02,80.0,11210.4
015039,简称缺失,双良节能,1.91,1750.0,10587.5
015039,简称缺失,中际旭创,1.89,26.0,10495.68
015039,简称缺失,中天科技,1.77,520.0,9838.4
015039,简称缺失,以岭药业,1.7,595.0,9454.61
015039,简称缺失,寒武纪,1.67,7.0,9275.0
014642,简称缺失,宁德时代,9.48,227.31,91378.74
014642,简称缺失,东山精密,8.33,1123.7,80344.6
014642,简称缺失,胜宏科技,8.28,279.67,79846.84
014642,简称缺失,亿纬锂能,7.97,844.82,76878.43
014642,简称缺失,新易盛,7.94,209.4,76592.13
014642,简称缺失,中际旭创,7.47,178.54,72074.88
014642,简称缺失,华友钴业,3.36,492.11,32430.27
014642,简称缺失,徐工机械,3.17,2654.76,30529.74
014642,简称缺失,洛阳钼业,3.04,1869.04,29343.91
014642,简称缺失,艾力斯,2.87,251.22,27694.85
014345,简称缺失,乐普医疗,1.53,92.49,1620.42
014345,简称缺失,国联民生,1.49,140.68,1571.4
014345,简称缺失,中科创达,1.44,19.64,1525.64
014345,简称缺失,璞泰来,1.44,49.03,1516.01
014345,简称缺失,九号公司,1.41,22.21,1485.51
014345,简称缺失,晶晨股份,1.4,13.28,1476.47
014345,简称缺失,完美世界,1.39,76.6,1467.66
014345,简称缺失,横店东磁,1.36,70.15,1437.37
014345,简称缺失,西部超导,1.3,21.09,1372.75
014345,简称缺失,安琪酵母,1.22,32.6,1289.33
014243,简称缺失,拓普集团,8.61,205.09,16610.4
014243,简称缺失,新易盛,8.22,43.33,15848.81
014243,简称缺失,三花智控,7.72,307.47,14890.76
014243,简称缺失,中际旭创,7.05,33.66,13587.87
014243,简称缺失,北特科技,6.58,230.14,12687.62
014243,简称缺失,峰岹科技,6.37,50.48,12278.09
014243,简称缺失,浙江荣泰,4.32,73.93,8323.07
014243,简称缺失,寒武纪,3.04,4.42,5853.19
014243,简称缺失,美湖股份,2.87,124.35,5536.25
014243,简称缺失,隆盛科技,2.66,81.39,5124.36
014130,简称缺失,中际旭创,12.15,51.74,20884.43
014130,简称缺失,新易盛,11.81,55.53,20309.78
014130,简称缺失,科大讯飞,7.08,217.24,12176.1
014130,简称缺失,中科曙光,6.27,90.41,10781.77
014130,简称缺失,浪潮信息,4.36,100.81,7502.5
014130,简称缺失,金山办公,4.18,22.7,7183.51
014130,简称缺失,紫光股份,3.43,195.66,5904.89
014130,简称缺失,恒生电子,2.96,147.68,5097.78
014130,简称缺失,润和软件,2.73,77.55,4699.53
014130,简称缺失,拓维信息,2.06,97.84,3535.94
014320,简称缺失,江波龙,5.98,120.0,21363.6
014320,简称缺失,中芯国际,5.49,270.0,19610.1
014320,简称缺失,兆易创新,5.37,90.0,19197.0
014320,简称缺失,澜起科技,4.86,112.24,17374.41
014320,简称缺失,胜宏科技,4.77,59.69,17041.5
014320,简称缺失,海光信息,4.45,63.0,15913.8
014320,简称缺失,芯原股份,4.35,85.0,15555.0
014320,简称缺失,寒武纪,4.35,11.72,15534.96
014320,简称缺失,佰维存储,4.33,148.37,15474.55
014320,简称缺失,乐鑫科技,4.25,70.0,15180.2
013841,简称缺失,拓荆科技,9.69,209.32,53426.22
013841,简称缺失,华海清科,9.64,321.9,53178.14
013841,简称缺失,中微公司,9.56,176.21,52683.71
013841,简称缺失,芯源微,9.46,350.17,52174.63
013841,简称缺失,富创精密,9.43,700.0,51996.0
013841,简称缺失,北方华创,9.01,109.85,49691.75
013841,简称缺失,精测电子,7.75,544.19,42729.96
013841,简称缺失,中科飞测,7.59,360.85,41869.21
013841,简称缺失,中芯国际,5.93,450.0,32682.4
013841,简称缺失,华虹公司,3.85,185.36,21235.13
014143,简称缺失,中芯国际,9.94,1185.0,166054.05
014143,简称缺失,兆易创新,9.3,729.0,155495.7
014143,简称缺失,海光信息,9.29,615.0,155349.0
014143,简称缺失,寒武纪,8.72,110.0,145750.0
014143,简称缺失,中微公司,8.05,450.0,134545.5
014143,简称缺失,翱捷科技,7.94,1200.49,132653.85
014143,简称缺失,思瑞浦,6.43,620.0,107470.8
014143,简称缺失,华虹公司,6.37,930.0,106540.8
014143,简称缺失,中科曙光,6.21,870.0,103747.5
014143,简称缺失,瑞芯微,5.92,439.0,99016.45
014162,简称缺失,新易盛,9.46,73.52,26892.87
014162,简称缺失,中际旭创,9.44,66.49,26842.5
014162,简称缺失,寒武纪,9.1,19.53,25878.84
014162,简称缺失,海光信息,8.11,91.26,23053.08
014162,简称缺失,麦格米特,6.93,254.37,19705.72
014162,简称缺失,工业富联,6.82,293.91,19400.81
014162,简称缺失,兴森科技,6.29,807.85,17869.64
014162,简称缺失,天孚通信,5.66,95.81,16076.58
014162,简称缺失,盛科通信,5.19,116.53,14743.58
014162,简称缺失,中科曙光,5.12,121.99,14547.31
013620,简称缺失,分众传媒,4.71,3828.53,30857.93
013620,简称缺失,中兴通讯,4.65,667.48,30463.77
013620,简称缺失,寒武纪,4.38,21.67,28708.38
013620,简称缺失,中国平安,4.31,511.95,28213.56
013620,简称缺失,中芯国际,4.11,192.03,26908.73
013620,简称缺失,天孚通信,3.98,155.43,26081.36
013620,简称缺失,华虹公司,3.95,226.03,25894.25
013620,简称缺失,浪潮信息,3.35,294.95,21950.33
013620,简称缺失,昆仑万维,3.27,441.2,21437.91
013620,简称缺失,南方传媒,2.91,1453.48,19098.67
013811,简称缺失,华电新能,0.06,25.46,134.15
013811,简称缺失,屹唐股份,0.0,0.35,8.24
013811,简称缺失,汉邦科技,0.0,0.02,0.89
013811,简称缺失,威高血净,0.0,0.02,0.77
013811,简称缺失,天富龙,0.0,0.02,0.56
013811,简称缺失,技源集团,0.0,0.02,0.35
013811,简称缺失,海阳科技,0.0,0.01,0.35
013811,简称缺失,华新精科,0.0,0.01,0.32
014156,简称缺失,胜宏科技,1.34,16.69,4765.0
014156,简称缺失,高德红外,1.14,328.29,4054.35
014156,简称缺失,中科创达,1.14,52.14,4050.24
014156,简称缺失,广东宏大,1.14,91.83,4049.7
014156,简称缺失,芯联集成,1.12,602.67,3965.58
014156,简称缺失,全志科技,1.01,69.42,3597.5
014156,简称缺失,四川长虹,1.01,342.59,3586.92
014156,简称缺失,长川科技,1.0,35.75,3561.42
014156,简称缺失,中金岭南,0.99,618.96,3528.06
014156,简称缺失,光弘科技,0.97,118.09,3450.51
013340,简称缺失,中芯国际,8.77,61.73,8650.08
013340,简称缺失,海光信息,7.15,27.92,7052.57
013340,简称缺失,中微公司,6.77,22.35,6683.47
013340,简称缺失,恒玄科技,6.32,20.97,6238.63
013340,简称缺失,乐鑫科技,6.04,27.49,5961.5
013340,简称缺失,光库科技,4.74,39.38,4678.34
013340,简称缺失,盛美上海,4.72,23.09,4659.8
013340,简称缺失,江波龙,4.7,26.07,4640.9
013340,简称缺失,瑞芯微,4.34,19.0,4285.45
013340,简称缺失,长川科技,4.14,41.0,4084.42
013305,简称缺失,智飞生物,0.0,0.27,9.01
013305,简称缺失,铜冠矿建,0.0,0.04,0.17
012970,简称缺失,紫光国微,0.04,0.24,31.64
012970,简称缺失,晶盛机电,0.02,0.21,13.35
013277,简称缺失,平安电工,0.0,0.02,0.42
013533,简称缺失,杰普特,8.48,284.91,40277.06
013533,简称缺失,协创数据,8.42,219.76,39993.39
013533,简称缺失,新泉股份,7.81,447.09,37126.09
013533,简称缺失,巨人网络,6.92,728.18,32899.17
013533,简称缺失,长盈精密,5.9,672.62,28034.8
013533,简称缺失,广东宏大,5.74,618.66,27282.76
013533,简称缺失,德明利,5.12,118.73,24302.84
013533,简称缺失,寒武纪,4.75,17.02,22549.38
013533,简称缺失,华丰科技,4.53,218.77,21527.02
013533,简称缺失,美湖股份,4.48,478.11,21285.28
012922,简称缺失,台积电,6.75,20.31,40301.72
012922,简称缺失,英伟达,6.65,29.94,39693.58
012922,简称缺失,谷歌-A,5.13,17.73,30626.38
012922,简称缺失,博通,4.65,11.85,27777.07
012922,简称缺失,天弘科技,3.66,12.5,21883.16
012922,简称缺失,阿里巴巴-W,3.47,128.08,20697.4
012922,简称缺失,美光科技,3.23,16.24,19305.59
012922,简称缺失,欣旺达,2.82,498.56,16846.41
012922,简称缺失,聚辰股份,2.82,103.67,16843.87
012922,简称缺失,澜起科技,2.79,107.54,16647.32
012908,简称缺失,奥美森,0.0,0.03,0.25
012908,简称缺失,长江能科,0.0,0.03,0.16
013466,简称缺失,澜起科技,8.14,140.19,21700.75
013466,简称缺失,宁德时代,7.79,51.69,20777.77
013466,简称缺失,乐鑫科技,7.41,91.1,19755.6
013466,简称缺失,翱捷科技,5.51,132.88,14682.71
013466,简称缺失,中国平安,1.99,96.48,5317.01
013466,简称缺失,分众传媒,1.95,644.43,5194.12
013466,简称缺失,巨人网络,1.82,107.57,4860.01
013466,简称缺失,绿联科技,1.66,69.21,4427.76
013466,简称缺失,恺英网络,1.6,151.69,4259.46
013466,简称缺失,中信证券,1.52,135.77,4059.6
013642,简称缺失,宁德时代,3.92,52.31,21029.26
013642,简称缺失,中兴通讯,1.36,159.77,7291.9
013642,简称缺失,汇川技术,1.24,79.21,6639.19
013642,简称缺失,海康威视,1.22,207.31,6534.5
013642,简称缺失,同花顺,1.03,14.85,5520.38
013642,简称缺失,生益科技,1.0,98.97,5346.36
013642,简称缺失,瑞芯微,0.96,22.74,5129.01
013642,简称缺失,寒武纪,0.94,3.82,5059.38
013642,简称缺失,紫光国微,0.94,55.96,5053.75
013642,简称缺失,深信服,0.87,37.38,4691.19
012895,简称缺失,宁德时代,0.29,2.08,836.16
012895,简称缺失,阳光电源,0.26,4.6,745.11
012895,简称缺失,新易盛,0.23,1.8,658.39
012895,简称缺失,中际旭创,0.23,1.62,653.96
012895,简称缺失,汇川技术,0.2,6.88,576.68
012895,简称缺失,迈瑞医疗,0.17,2.04,501.21
012895,简称缺失,胜宏科技,0.11,1.11,316.91
012895,简称缺失,泰格医药,0.09,4.28,248.24
012895,简称缺失,康龙化成,0.08,6.56,234.52
012895,简称缺失,亿纬锂能,0.07,2.08,189.28
012734,简称缺失,寒武纪,0.14,1.14,1506.26
012734,简称缺失,新易盛,0.14,4.0,1464.76
012734,简称缺失,中际旭创,0.14,3.6,1453.25
012734,简称缺失,澜起科技,0.09,6.23,965.13
012734,简称缺失,中科曙光,0.09,7.98,951.62
012734,简称缺失,豪威集团,0.07,4.65,702.56
012734,简称缺失,科大讯飞,0.05,9.2,515.66
012734,简称缺失,海康威视,0.04,14.8,466.5
012734,简称缺失,金山办公,0.04,1.26,399.2
012734,简称缺失,芯原股份,0.03,1.91,349.42
012630,简称缺失,北方华创,0.01,0.05,22.62
012630,简称缺失,紫光国微,0.0,0.08,7.22
012630,简称缺失,通富微电,0.0,0.14,5.62
012630,简称缺失,圣邦股份,0.0,0.05,4.16
012630,简称缺失,卓胜微,0.0,0.05,4.16
012630,简称缺失,华天科技,0.0,0.33,3.89
012630,简称缺失,华大九天,0.0,0.03,3.79
012630,简称缺失,晶盛机电,0.0,0.08,3.64
012630,简称缺失,北京君正,0.0,0.04,3.56
012630,简称缺失,景嘉微,0.0,0.04,3.31
012651,简称缺失,海光信息,8.41,55.05,13904.77
012651,简称缺失,寒武纪,7.39,9.22,12217.96
012651,简称缺失,华虹半导体,7.31,165.5,12087.86
012651,简称缺失,兆易创新,7.1,55.07,11746.92
012651,简称缺失,中芯国际,6.22,141.55,10280.43
012651,简称缺失,华工科技,5.72,102.26,9457.0
012651,简称缺失,豪威集团,5.7,62.37,9428.47
012651,简称缺失,北方华创,5.54,20.26,9163.32
012651,简称缺失,澜起科技,4.86,51.91,8035.17
012651,简称缺失,中芯国际,3.6,42.53,5959.91
012125,简称缺失,兆易创新,9.62,73.1,15592.06
012125,简称缺失,腾讯控股,8.51,22.79,13794.92
012125,简称缺失,金斯瑞生物科技,6.33,672.6,10267.26
012125,简称缺失,兴业银锡,4.71,232.25,7638.7
012125,简称缺失,华虹半导体,3.89,86.4,6310.52
012125,简称缺失,三环集团,3.37,117.99,5466.48
012125,简称缺失,三美股份,2.97,81.95,4820.3
012125,简称缺失,百济神州,2.93,25.34,4747.28
012125,简称缺失,阿里巴巴-W,2.32,23.25,3757.14
012125,简称缺失,圣农发展,2.29,205.86,3711.62
012553,简称缺失,中芯国际,0.41,3.24,454.55
012553,简称缺失,寒武纪,0.4,0.34,446.92
012553,简称缺失,海光信息,0.34,1.5,379.53
012553,简称缺失,北方华创,0.28,0.69,312.13
012553,简称缺失,澜起科技,0.26,1.89,293.07
012553,简称缺失,兆易创新,0.21,1.1,235.42
012553,简称缺失,豪威集团,0.19,1.41,212.86
012553,简称缺失,中微公司,0.19,0.71,210.94
012553,简称缺失,长电科技,0.09,2.37,104.49
012553,简称缺失,芯原股份,0.09,0.56,102.11
011840,简称缺失,新易盛,11.28,114.51,41884.18
011840,简称缺失,中际旭创,11.15,102.59,41411.92
011840,简称缺失,寒武纪,8.58,24.06,31885.73
011840,简称缺失,澜起科技,5.51,132.12,20452.72
011840,简称缺失,中科曙光,5.42,168.84,20134.17
011840,简称缺失,科大讯飞,4.03,266.76,14951.77
011840,简称缺失,豪威集团,4.0,98.31,14861.89
011840,简称缺失,海康威视,3.62,426.22,13434.39
011840,简称缺失,浪潮信息,2.38,118.91,8848.91
011840,简称缺失,金山办公,2.27,26.69,8447.16
011892,简称缺失,仕佳光子,9.89,285.64,20366.45
011892,简称缺失,沪电股份,9.62,269.59,19806.78
011892,简称缺失,新易盛,9.57,53.91,19719.47
011892,简称缺失,英维克,9.54,245.57,19640.73
011892,简称缺失,长芯博创,9.47,183.46,19496.69
011892,简称缺失,中际旭创,9.44,48.18,19448.7
011892,简称缺失,天孚通信,9.18,112.65,18902.54
011892,简称缺失,深南电路,7.32,69.6,15079.05
011892,简称缺失,源杰科技,5.89,28.27,12126.54
011892,简称缺失,澜起科技,4.98,66.19,10246.48
011615,简称缺失,寒武纪,0.23,0.68,902.99
011615,简称缺失,海光信息,0.19,2.86,723.67
011615,简称缺失,中芯国际,0.17,4.8,672.79
011615,简称缺失,澜起科技,0.14,3.53,546.18
011615,简称缺失,中微公司,0.1,1.36,406.36
011615,简称缺失,金山办公,0.06,0.75,236.2
011615,简称缺失,联影医疗,0.06,1.52,229.95
011615,简称缺失,芯原股份,0.05,1.01,185.6
011615,简称缺失,华电新能,0.03,25.46,134.15
011615,简称缺失,石头科技,0.03,0.63,133.17
012429,简称缺失,吉利汽车,6.57,1054.7,18825.09
012429,简称缺失,工业富联,6.45,280.07,18487.42
012429,简称缺失,中芯国际,6.41,252.78,18358.9
012429,简称缺失,纳芯微,5.38,77.13,15424.36
012429,简称缺失,腾讯控股,4.8,22.73,13760.11
012429,简称缺失,比亚迪电子,4.62,350.37,13223.77
012429,简称缺失,宁德时代,4.15,29.58,11889.35
012429,简称缺失,阿里巴巴-W,4.01,71.16,11499.13
012429,简称缺失,思瑞浦,3.86,63.74,11048.07
012429,简称缺失,科达利,3.74,54.82,10728.27
011370,简称缺失,中际旭创,9.05,19.17,7736.85
011370,简称缺失,新易盛,8.92,20.84,7621.18
011370,简称缺失,胜宏科技,6.28,18.79,5364.55
011370,简称缺失,东山精密,5.75,68.78,4917.77
011370,简称缺失,仕佳光子,4.98,59.71,4257.27
011370,简称缺失,中材科技,4.47,112.21,3817.38
011370,简称缺失,宏和科技,4.23,103.75,3617.76
011370,简称缺失,德科立,4.07,28.74,3478.41
011370,简称缺失,深南电路,3.51,13.83,2996.56
011370,简称缺失,源杰科技,2.89,5.76,2469.97
011499,简称缺失,洛阳钼业,4.29,225.0,3532.5
011499,简称缺失,传音控股,4.11,36.46,3386.11
011499,简称缺失,渝农商行,4.0,500.0,3295.0
011499,简称缺失,徐工机械,3.77,270.0,3105.0
011499,简称缺失,百利天恒,3.68,8.08,3031.0
011499,简称缺失,铜陵有色,3.25,500.0,2680.01
011499,简称缺失,紫金矿业,3.22,90.0,2649.6
011499,简称缺失,兆易创新,3.14,12.11,2583.06
011499,简称缺失,德赛西威,3.03,16.5,2495.3
011499,简称缺失,宁德时代,2.97,6.09,2448.18
011613,简称缺失,中芯国际,0.08,6.0,841.44
011613,简称缺失,海光信息,0.08,3.33,840.78
011613,简称缺失,寒武纪,0.07,0.57,752.87
011613,简称缺失,澜起科技,0.06,4.1,634.43
011613,简称缺失,中微公司,0.04,1.57,468.31
011613,简称缺失,联影医疗,0.03,1.87,284.12
011613,简称缺失,金山办公,0.03,0.88,277.63
011613,简称缺失,芯原股份,0.02,1.33,243.01
011613,简称缺失,石头科技,0.02,0.78,164.49
011613,简称缺失,传音控股,0.02,1.73,162.74
011609,简称缺失,中芯国际,0.04,5.48,767.24
011609,简称缺失,海光信息,0.04,3.04,766.69
011609,简称缺失,寒武纪,0.03,0.52,686.88
011609,简称缺失,澜起科技,0.03,3.74,578.58
011609,简称缺失,中微公司,0.02,1.43,427.2
011609,简称缺失,联影医疗,0.01,1.71,258.98
011609,简称缺失,金山办公,0.01,0.8,253.2
011609,简称缺失,芯原股份,0.01,1.21,221.65
011609,简称缺失,石头科技,0.01,0.72,150.03
011609,简称缺失,传音控股,0.01,1.58,148.46
011301,简称缺失,宁德时代,9.74,102.79,41323.35
011301,简称缺失,新易盛,9.32,108.07,39527.3
011301,简称缺失,中际旭创,8.96,94.13,37999.08
011301,简称缺失,阳光电源,8.24,215.84,34961.73
011301,简称缺失,生益科技,5.95,467.47,25252.68
011301,简称缺失,华虹半导体,4.79,278.1,20311.98
011301,简称缺失,烽火通信,4.21,651.41,17881.28
011301,简称缺失,中芯国际,4.03,235.45,17100.16
011301,简称缺失,工业富联,3.27,210.47,13893.14
011301,简称缺失,江西铜业股份,2.66,406.0,11305.43
011452,简称缺失,新易盛,10.24,49.27,18020.98
011452,简称缺失,中际旭创,10.1,44.06,17787.35
011452,简称缺失,天孚通信,7.89,82.79,13892.83
011452,简称缺失,工业富联,7.17,191.13,12616.49
011452,简称缺失,长飞光纤光缆,6.54,266.35,11506.91
011452,简称缺失,仕佳光子,5.87,144.99,10337.91
011452,简称缺失,胜宏科技,5.61,34.59,9875.45
011452,简称缺失,深南电路,5.41,43.94,9519.16
011452,简称缺失,源杰科技,5.19,21.31,9142.76
011452,简称缺失,东山精密,3.84,94.45,6753.18
011412,简称缺失,仕佳光子,9.89,402.58,28704.13
011412,简称缺失,沪电股份,9.59,379.0,27845.31
011412,简称缺失,新易盛,9.54,75.73,27699.98
011412,简称缺失,英维克,9.49,344.37,27542.78
011412,简称缺失,长芯博创,9.41,256.97,27308.4
011412,简称缺失,中际旭创,9.41,67.64,27305.16
011412,简称缺失,深南电路,7.27,97.45,21110.92
011412,简称缺失,天孚通信,7.11,123.06,20649.43
011412,简称缺失,源杰科技,5.92,40.04,17177.67
011412,简称缺失,澜起科技,4.97,93.25,14434.34
011329,简称缺失,爱旭股份,7.48,3037.59,49733.35
011329,简称缺失,九号公司,6.75,673.21,44843.03
011329,简称缺失,宁德时代,6.68,110.44,44397.84
011329,简称缺失,睿创微纳,6.37,478.99,42361.72
011329,简称缺失,帝尔激光,5.78,526.69,38401.26
011329,简称缺失,欣旺达,5.62,1105.91,37368.67
011329,简称缺失,地平线机器人-W,4.98,3781.14,33071.17
011329,简称缺失,奕瑞科技,4.66,268.01,30965.31
011329,简称缺失,云路股份,4.41,268.81,29278.56
011329,简称缺失,思特威,4.2,234.36,27926.0
011400,简称缺失,阿里巴巴-W,9.46,336.67,54405.02
011400,简称缺失,工业富联,8.95,778.99,51420.81
011400,简称缺失,新易盛,8.54,134.2,49087.8
011400,简称缺失,中际旭创,8.09,115.14,46479.72
011400,简称缺失,中芯国际,7.31,578.25,41996.89
011400,简称缺失,腾讯控股,6.74,63.97,38721.41
011400,简称缺失,中微公司,4.9,94.25,28181.09
011400,简称缺失,沪电股份,4.89,382.58,28108.15
011400,简称缺失,北方华创,4.41,56.06,25358.08
011400,简称缺失,胜宏科技,4.14,83.31,23785.01
011306,简称缺失,东阳光,8.54,735.64,17125.7
011306,简称缺失,新易盛,6.62,36.27,13267.94
011306,简称缺失,联创光电,5.73,186.56,11493.96
011306,简称缺失,科华数据,4.74,132.87,9500.35
011306,简称缺失,衢州发展,4.23,1875.31,8476.4
011306,简称缺失,深南电路,4.21,38.92,8431.2
011306,简称缺失,沪电股份,3.8,103.77,7623.69
011306,简称缺失,纳科诺尔,3.77,117.84,7553.46
011306,简称缺失,科达利,3.31,33.91,6636.19
011306,简称缺失,爱科赛博,3.23,164.82,6474.04
011237,简称缺失,立讯精密,9.28,375.78,24309.36
011237,简称缺失,亿纬锂能,6.88,198.04,18021.41
011237,简称缺失,宁德时代,6.21,40.47,16270.79
011237,简称缺失,东山精密,3.93,144.05,10299.64
011237,简称缺失,徐工机械,3.11,708.73,8150.35
011237,简称缺失,恩捷股份,2.89,162.16,7572.87
011237,简称缺失,胜宏科技,2.23,20.46,5840.22
011237,简称缺失,牧原股份,2.07,102.25,5419.25
011237,简称缺失,招商银行,2.07,133.97,5413.73
011237,简称缺失,中信证券,1.38,120.96,3616.7
011145,简称缺失,工业富联,7.56,234.28,15464.59
011145,简称缺失,阿里巴巴-W,6.66,84.32,13625.9
011145,简称缺失,中际旭创,6.19,31.37,12663.44
011145,简称缺失,隆盛科技,5.57,180.8,11383.19
011145,简称缺失,阳光电源,4.48,56.56,9160.94
011145,简称缺失,德明利,4.19,41.91,8578.56
011145,简称缺失,江波龙,3.91,44.96,8004.23
011145,简称缺失,阿特斯,3.84,584.58,7856.8
011145,简称缺失,科达利,3.43,35.88,7021.72
011145,简称缺失,深南电路,3.42,32.32,7000.72
011120,简称缺失,新易盛,9.3,134.5,49196.07
011120,简称缺失,工业富联,8.73,700.0,46207.0
011120,简称缺失,中际旭创,8.39,110.0,44404.8
011120,简称缺失,沪电股份,5.55,400.0,29388.0
011120,简称缺失,东山精密,5.41,400.0,28600.0
011120,简称缺失,寒武纪,5.01,20.0,26504.37
011120,简称缺失,世运电路,3.88,450.0,20515.5
011120,简称缺失,兆易创新,3.83,95.0,20263.5
011120,简称缺失,天孚通信,3.65,115.0,19297.0
011120,简称缺失,腾景科技,3.24,145.0,17144.8
011036,简称缺失,北方稀土,0.03,1.81,41.01
011036,简称缺失,卧龙电驱,0.01,0.65,17.22
011036,简称缺失,中国铝业,0.01,1.92,14.32
011036,简称缺失,厦门钨业,0.01,0.68,13.14
011036,简称缺失,包钢股份,0.01,7.22,12.92
011036,简称缺失,盛和资源,0.01,1.0,10.91
011036,简称缺失,湘电股份,0.01,0.66,7.11
011036,简称缺失,有研新材,0.01,0.42,6.93
011036,简称缺失,科力远,0.0,0.95,4.74
011036,简称缺失,广晟有色,0.0,0.14,4.66
010827,简称缺失,兴业银锡,9.82,1038.71,34163.07
010827,简称缺失,山东黄金,9.28,957.23,32282.87
010827,简称缺失,锡业股份,8.1,1218.25,28190.35
010827,简称缺失,招金矿业,7.75,944.45,26954.37
010827,简称缺失,华泰证券,6.5,1204.64,22634.14
010827,简称缺失,中金黄金,5.02,796.03,17456.95
010827,简称缺失,中曼石油,4.84,863.44,16828.45
010827,简称缺失,赛轮轮胎,4.8,1162.61,16718.4
010827,简称缺失,中远海能,4.59,1941.2,15985.94
010827,简称缺失,海南橡胶,3.83,2466.14,13317.16
010791,简称缺失,新易盛,9.38,51.94,18998.09
010791,简称缺失,紫金矿业,4.85,333.83,9828.05
010791,简称缺失,宁德时代,4.5,22.68,9117.36
010791,简称缺失,中际旭创,4.18,20.95,8457.1
010791,简称缺失,工业富联,3.75,115.0,7591.15
010791,简称缺失,沪电股份,3.74,103.14,7577.7
010791,简称缺失,天孚通信,3.44,41.46,6956.99
010791,简称缺失,建发股份,2.95,581.58,5967.05
010791,简称缺失,盛屯矿业,2.66,521.63,5383.22
010791,简称缺失,洛阳钼业,2.32,299.41,4700.74
010655,简称缺失,药明合联,9.85,246.1,17592.79
010655,简称缺失,药明生物,8.84,422.22,15796.97
010655,简称缺失,博腾股份,8.57,593.96,15306.45
010655,简称缺失,科伦博泰生物-B,8.5,32.36,15185.63
010655,简称缺失,药明康德,6.94,110.64,12395.13
010655,简称缺失,信达生物,6.76,137.1,12066.35
010655,简称缺失,凯莱英,5.75,90.28,10264.8
010655,简称缺失,康龙化成,5.61,280.2,10017.06
010655,简称缺失,泰格医药,4.57,140.78,8165.37
010655,简称缺失,百济神州,4.28,24.93,7649.85
011068,简称缺失,洛阳钼业,9.98,1057.0,16594.9
011068,简称缺失,紫金矿业,9.77,552.0,16250.88
011068,简称缺失,赤峰黄金,6.9,388.0,11477.04
011068,简称缺失,中矿资源,6.67,224.0,11088.0
011068,简称缺失,藏格矿业,6.45,184.0,10732.72
011068,简称缺失,华友钴业,5.55,140.0,9226.0
011068,简称缺失,金诚信,5.2,124.0,8647.76
011068,简称缺失,中国神华,3.96,171.0,6583.5
011068,简称缺失,山金国际,3.79,276.0,6301.08
011068,简称缺失,铜陵有色,3.76,1166.0,6249.76
011117,简称缺失,腾讯控股,8.98,116.7,70637.38
011117,简称缺失,阿里巴巴-W,7.92,385.27,62259.13
011117,简称缺失,泡泡玛特,7.13,230.05,56036.55
011117,简称缺失,紫金矿业,6.09,1627.74,47920.52
011117,简称缺失,网易云音乐,4.09,135.68,32180.87
011117,简称缺失,巨子生物,4.07,619.88,31973.41
011117,简称缺失,紫金矿业,3.76,992.4,29533.82
011117,简称缺失,山东黄金,3.64,849.2,28643.52
011117,简称缺失,洛阳钼业,3.59,1972.3,28243.34
011117,简称缺失,招金矿业,3.48,958.6,27358.44
010422,简称缺失,潮宏基,5.0,634.5,9067.01
010422,简称缺失,美的集团,4.42,110.49,8028.46
010422,简称缺失,石头科技,4.38,37.86,7942.8
010422,简称缺失,法拉电子,3.61,51.85,6554.02
010422,简称缺失,万辰集团,3.37,33.67,6111.07
010422,简称缺失,华勤技术,3.29,56.72,5976.02
010422,简称缺失,晶晨股份,3.15,51.38,5711.97
010422,简称缺失,今世缘,3.04,140.38,5516.93
010422,简称缺失,上海家化,2.96,204.12,5372.44
010422,简称缺失,燕京啤酒,2.95,441.46,5354.91
010392,简称缺失,中际旭创,8.38,115.01,46427.48
010392,简称缺失,腾讯控股,7.53,68.96,41741.88
010392,简称缺失,新易盛,7.29,110.51,40422.49
010392,简称缺失,沪电股份,6.93,522.54,38390.94
010392,简称缺失,工业富联,6.69,561.45,37061.59
010392,简称缺失,深南电路,5.35,136.85,29647.12
010392,简称缺失,阿里巴巴-W,4.23,144.95,23423.55
010392,简称缺失,中芯国际,3.88,296.25,21515.91
010392,简称缺失,景旺电子,3.85,338.85,21337.54
010392,简称缺失,中科曙光,3.68,170.82,20370.25
010214,简称缺失,阿里巴巴-W,10.51,431.28,69694.85
010214,简称缺失,腾讯控股,9.12,99.86,60448.68
010214,简称缺失,吉比特,5.72,66.72,37898.1
010214,简称缺失,立讯精密,5.07,519.86,33629.74
010214,简称缺失,哔哩哔哩-W,4.84,156.53,32098.45
010214,简称缺失,兆易创新,4.56,141.72,30228.92
010214,简称缺失,中芯国际,4.18,381.25,27690.19
010214,简称缺失,达梦数据,3.96,99.51,26223.26
010214,简称缺失,科沃斯,3.89,239.85,25783.55
010214,简称缺失,小米集团-W,3.33,447.98,22085.41
010372,简称缺失,中芯国际,7.86,198.35,14405.68
010372,简称缺失,中微公司,6.36,38.98,11653.82
010372,简称缺失,华虹半导体,5.97,149.7,10933.85
010372,简称缺失,阿里巴巴-W,5.1,57.85,9348.41
010372,简称缺失,中际旭创,4.47,20.27,8184.21
010372,简称缺失,源杰科技,3.75,16.0,6863.4
010372,简称缺失,德明利,3.29,29.44,6025.66
010372,简称缺失,深南电路,3.15,26.68,5780.82
010372,简称缺失,东威科技,3.12,145.66,5717.31
010372,简称缺失,骄成超声,3.1,59.06,5673.59
010236,简称缺失,中际旭创,7.31,47.67,19243.43
010236,简称缺失,兆易创新,7.28,89.75,19143.31
010236,简称缺失,源杰科技,7.02,43.04,18466.18
010236,简称缺失,海光信息,5.81,60.54,15293.39
010236,简称缺失,新易盛,5.14,36.99,13530.56
010236,简称缺失,税友股份,5.14,265.8,13510.43
010236,简称缺失,长盈精密,4.41,278.32,11600.47
010236,简称缺失,华勤技术,4.04,100.93,10633.98
010236,简称缺失,寒武纪,3.63,7.21,9552.19
010236,简称缺失,巨人网络,3.61,210.16,9495.15
010865,简称缺失,万华化学,4.98,232.52,15481.31
010865,简称缺失,腾讯控股,3.98,20.42,12360.43
010865,简称缺失,长川科技,3.53,110.2,10978.11
010865,简称缺失,中微公司,3.41,35.47,10605.5
010865,简称缺失,北方华创,3.34,22.96,10387.32
010865,简称缺失,亿纬锂能,3.26,111.1,10110.1
010865,简称缺失,中熔电气,3.22,81.72,10011.2
010865,简称缺失,电连技术,3.2,174.45,9943.38
010865,简称缺失,尚太科技,3.02,112.15,9388.08
010865,简称缺失,阿里巴巴-W,3.0,57.68,9321.44
010004,简称缺失,安集科技,8.22,126.89,28985.93
010004,简称缺失,思特威,7.52,222.78,26547.04
010004,简称缺失,睿创微纳,6.42,256.31,22667.71
010004,简称缺失,九号公司,6.31,334.48,22279.41
010004,简称缺失,中芯国际,5.81,282.4,20510.02
010004,简称缺失,平安好医生,5.26,1109.58,18548.48
010004,简称缺失,中船特气,5.1,409.05,17981.71
010004,简称缺失,阿里巴巴-W,5.06,110.4,17840.36
010004,简称缺失,奕瑞科技,4.95,151.43,17469.61
010004,简称缺失,地平线机器人-W,4.68,1886.34,16498.59
009995,简称缺失,阿里巴巴-W,9.01,135.82,21948.17
009995,简称缺失,立讯精密,8.53,321.09,20771.36
009995,简称缺失,中芯国际,8.38,281.0,20408.34
009995,简称缺失,腾讯控股,7.94,31.93,19327.35
009995,简称缺失,中微公司,6.71,54.67,16346.32
009995,简称缺失,纳芯微,5.79,70.54,14106.37
009995,简称缺失,北方华创,5.16,27.81,12578.32
009995,简称缺失,华虹半导体,5.11,170.39,12445.27
009995,简称缺失,思特威,4.98,101.7,12118.92
009995,简称缺失,南芯科技,4.59,216.74,11181.73
009727,简称缺失,杰瑞股份,1.07,19.4,1080.58
009727,简称缺失,完美世界,1.05,55.11,1055.91
009727,简称缺失,石化油服,1.02,497.62,1030.07
009727,简称缺失,华测导航,1.02,29.03,1028.67
009727,简称缺失,深天马A,1.02,103.34,1025.13
009727,简称缺失,福田汽车,1.01,373.18,1022.51
009727,简称缺失,吉林敖东,1.0,50.2,1004.5
009727,简称缺失,科沃斯,0.99,9.32,1001.9
009727,简称缺失,西部超导,0.98,15.15,986.37
009727,简称缺失,金风科技,0.98,65.79,984.88
009708,简称缺失,中芯国际,8.94,512.35,37211.98
009708,简称缺失,海光信息,8.89,146.44,36989.71
009708,简称缺失,中微公司,8.07,112.36,33593.62
009708,简称缺失,寒武纪,7.96,24.99,33110.96
009708,简称缺失,芯源微,6.48,181.09,26981.9
009708,简称缺失,北方华创,6.04,55.58,25144.02
009708,简称缺失,中科飞测,5.29,189.74,22015.2
009708,简称缺失,兆易创新,4.69,91.58,19534.44
009708,简称缺失,晶晨股份,3.46,129.41,14388.09
009708,简称缺失,华峰测控,3.2,64.01,13334.05
008920,简称缺失,源杰科技,10.07,51.49,22088.52
008920,简称缺失,天孚通信,9.25,120.9,20286.82
008920,简称缺失,生益科技,8.19,332.43,17957.87
008920,简称缺失,德科立,7.06,127.93,15481.56
008920,简称缺失,中际旭创,6.57,35.7,14411.38
008920,简称缺失,七一二,6.17,618.14,13531.16
008920,简称缺失,航发动力,5.3,275.53,11621.86
008920,简称缺失,嘉元科技,5.12,299.6,11240.83
008920,简称缺失,长芯博创,4.94,102.07,10846.98
008920,简称缺失,沪电股份,4.73,141.19,10373.57
008586,简称缺失,新易盛,0.31,4.95,1809.83
008586,简称缺失,中际旭创,0.3,4.43,1788.3
008586,简称缺失,寒武纪,0.2,0.88,1167.59
008586,简称缺失,澜起科技,0.13,4.83,747.73
008586,简称缺失,中科曙光,0.13,6.18,736.97
008586,简称缺失,科大讯飞,0.11,11.53,646.26
008586,简称缺失,海康威视,0.1,18.42,580.6
008586,简称缺失,豪威集团,0.09,3.61,545.72
008586,简称缺失,浪潮信息,0.07,5.14,382.52
008586,简称缺失,金山办公,0.05,1.0,314.98
008989,简称缺失,新易盛,9.59,31.72,11602.22
008989,简称缺失,中际旭创,8.95,26.82,10826.7
008989,简称缺失,工业富联,7.79,142.78,9424.91
008989,简称缺失,沪电股份,7.11,117.02,8597.46
008989,简称缺失,ST华通,6.88,401.95,8324.47
008989,简称缺失,阿里巴巴-W,6.22,46.58,7527.21
008989,简称缺失,深南电路,6.03,33.7,7300.01
008989,简称缺失,生益科技,5.14,115.0,6212.3
008989,简称缺失,泡泡玛特,5.07,25.2,6138.29
008989,简称缺失,立讯精密,4.67,87.39,5653.26
008981,简称缺失,兆易创新,9.58,50.0,10665.0
008981,简称缺失,立讯精密,8.71,150.0,9703.5
008981,简称缺失,歌尔股份,8.42,250.0,9375.0
008981,简称缺失,瑞芯微,7.7,38.0,8570.9
008981,简称缺失,华勤技术,7.57,80.0,8428.8
008981,简称缺失,安克创新,6.56,60.0,7303.8
008981,简称缺失,恒玄科技,6.41,24.0,7140.0
008981,简称缺失,南芯科技,6.02,130.0,6706.7
008981,简称缺失,纳芯微,5.39,30.0,5999.4
008981,简称缺失,中芯国际,5.03,40.0,5605.2
008532,简称缺失,阿里巴巴-W,7.11,45.77,7396.32
008532,简称缺失,华勤技术,6.35,62.69,6605.02
008532,简称缺失,柏楚电子,4.55,30.8,4735.92
008532,简称缺失,中芯国际,4.46,63.9,4640.9
008532,简称缺失,牧原股份,4.31,84.64,4485.81
008532,简称缺失,拓荆科技,4.11,16.44,4276.47
008532,简称缺失,建滔积层板,3.91,360.95,4063.23
008532,简称缺失,中兴通讯,3.81,122.4,3967.08
008532,简称缺失,中广核矿业,3.62,1310.0,3767.41
008532,简称缺失,安踏体育,3.53,42.96,3667.22
008419,简称缺失,洛阳钼业,3.64,417.9,5986.27
008419,简称缺失,紫金矿业,3.47,193.86,5707.24
008419,简称缺失,中芯国际,2.99,67.75,4920.52
008419,简称缺失,腾讯控股,2.94,7.99,4836.39
008419,简称缺失,阿里巴巴-W,2.63,26.77,4325.96
008419,简称缺失,中国黄金国际,2.54,32.88,4166.61
008419,简称缺失,江西铜业股份,2.39,141.1,3929.06
008419,简称缺失,宁德时代,2.32,9.49,3814.98
008419,简称缺失,徐工机械,2.23,318.47,3662.41
008419,简称缺失,立讯精密,2.03,51.58,3336.71
008327,简称缺失,新易盛,15.46,34.26,12530.29
008327,简称缺失,中际旭创,15.29,30.69,12387.45
008327,简称缺失,中兴通讯,6.27,111.26,5078.09
008327,简称缺失,沪电股份,4.21,46.48,3415.22
008327,简称缺失,华工科技,3.96,34.71,3210.18
008327,简称缺失,东山精密,3.91,44.27,3165.37
008327,简称缺失,天孚通信,3.33,16.1,2702.05
008327,简称缺失,生益科技,2.8,41.94,2265.6
008327,简称缺失,长电科技,2.69,49.43,2179.37
008327,简称缺失,三环集团,2.65,46.32,2145.85
008282,简称缺失,华海清科,0.0,0.1,16.76
008282,简称缺失,三安光电,0.0,0.54,6.56
008282,简称缺失,晶晨股份,0.0,0.13,6.09
008282,简称缺失,安路科技,0.0,0.11,2.76
008282,简称缺失,华润微,0.0,0.05,1.84
008282,简称缺失,天岳先进,0.0,0.02,0.86
008282,简称缺失,思瑞浦,0.0,0.0,0.09
008182,简称缺失,浙江荣泰,8.79,51.73,5823.76
008182,简称缺失,三花智控,8.13,111.17,5383.96
008182,简称缺失,拓普集团,7.55,61.76,5001.94
008182,简称缺失,新泉股份,6.48,51.7,4293.17
008182,简称缺失,伟创电气,5.14,35.69,3403.29
008182,简称缺失,长盈精密,4.66,74.07,3087.24
008182,简称缺失,汉威科技,4.32,45.03,2862.47
008182,简称缺失,震裕科技,4.29,15.1,2841.67
008182,简称缺失,安培龙,4.06,16.22,2692.03
008182,简称缺失,北特科技,3.56,42.72,2355.15
008087,简称缺失,新易盛,0.21,2.94,1074.45
008087,简称缺失,中际旭创,0.21,2.63,1060.87
008087,简称缺失,立讯精密,0.19,14.45,934.77
008087,简称缺失,工业富联,0.14,10.65,703.01
008087,简称缺失,中兴通讯,0.09,9.53,434.95
008087,简称缺失,兆易创新,0.08,1.79,381.25
008087,简称缺失,沪电股份,0.06,3.98,292.41
008087,简称缺失,华工科技,0.05,2.97,274.67
008087,简称缺失,歌尔股份,0.05,7.23,271.13
008087,简称缺失,东山精密,0.05,3.79,270.99
008187,简称缺失,宁德时代,6.92,39.61,15924.59
008187,简称缺失,杰普特,3.61,58.77,8308.8
008187,简称缺失,冰轮环境,3.45,587.48,7930.96
008187,简称缺失,新易盛,3.37,21.22,7761.64
008187,简称缺失,快手-W,2.76,82.3,6356.7
008187,简称缺失,工业富联,2.73,95.1,6277.55
008187,简称缺失,腾讯控股,2.63,10.0,6053.06
008187,简称缺失,信达生物,2.51,65.5,5764.74
008187,简称缺失,三生制药,2.44,204.65,5605.24
008187,简称缺失,英科医疗,2.23,139.49,5125.01
007818,简称缺失,恒为科技,0.03,2.07,73.44
007950,简称缺失,横店东磁,2.01,623.85,12782.75
007950,简称缺失,安徽合力,1.94,561.05,12303.85
007950,简称缺失,移远通信,1.57,95.03,9989.96
007950,简称缺失,海利得,1.57,1631.33,9951.11
007950,简称缺失,紫光股份,1.45,304.81,9199.17
007950,简称缺失,喜临门,1.42,509.63,8979.68
007950,简称缺失,海能实业,1.34,610.1,8510.95
007950,简称缺失,华勤技术,1.31,78.83,8305.95
007950,简称缺失,爱玛科技,1.21,221.26,7682.2
007950,简称缺失,国电南自,1.21,748.89,7661.11
008319,简称缺失,瑞芯微,2.01,31.57,7120.61
008319,简称缺失,中材科技,1.96,203.63,6927.59
008319,简称缺失,生益科技,1.78,116.53,6294.95
008319,简称缺失,华丰科技,1.49,53.38,5252.26
008319,简称缺失,中金公司,1.37,131.25,4841.93
008319,简称缺失,国联民生,1.26,399.02,4457.01
008319,简称缺失,东方证券,1.19,367.27,4201.51
008319,简称缺失,菲利华,1.15,53.66,4062.06
008319,简称缺失,中信证券,1.05,123.95,3706.12
008319,简称缺失,宗申动力,1.03,148.4,3641.67
007450,简称缺失,海光信息,5.9,127.24,32141.53
007450,简称缺失,中芯国际,4.03,302.3,21955.31
007450,简称缺失,国力电子,3.87,286.68,21067.95
007450,简称缺失,立讯精密,3.51,295.52,19116.99
007450,简称缺失,腾讯控股,3.49,31.44,19028.88
007450,简称缺失,信达生物,3.4,210.65,18539.57
007450,简称缺失,阿里巴巴-W,3.28,110.8,17905.0
007450,简称缺失,众生药业,3.06,963.79,16654.32
007450,简称缺失,三环集团,3.05,359.05,16634.79
007450,简称缺失,恒立液压,2.75,159.7,14966.87
007491,简称缺失,华海清科,9.61,283.91,46901.25
007491,简称缺失,中微公司,9.5,155.1,46373.89
007491,简称缺失,拓荆科技,9.43,176.98,46045.69
007491,简称缺失,芯源微,9.37,306.99,45741.38
007491,简称缺失,北方华创,9.23,99.59,45052.66
007491,简称缺失,富创精密,9.15,601.22,44658.55
007491,简称缺失,精测电子,8.48,526.97,41377.72
007491,简称缺失,万业企业,6.31,1400.39,30808.67
007491,简称缺失,安集科技,5.07,108.36,24753.83
007491,简称缺失,概伦电子,4.97,574.41,24245.96
007465,简称缺失,宁德时代,22.68,171.88,69095.0
007465,简称缺失,中际旭创,7.65,57.72,23301.18
007465,简称缺失,东方财富,7.44,835.65,22662.7
007465,简称缺失,新易盛,7.06,58.78,21498.64
007465,简称缺失,阳光电源,5.19,97.66,15819.29
007465,简称缺失,胜宏科技,3.83,40.83,11656.97
007465,简称缺失,汇川技术,3.65,132.56,11111.34
007465,简称缺失,迈瑞医疗,2.96,36.66,9008.05
007465,简称缺失,亿纬锂能,2.52,84.28,7669.04
007465,简称缺失,同花顺,1.67,13.65,5073.69
008021,简称缺失,恒玄科技,0.02,0.2,59.5
008021,简称缺失,中科星图,0.01,0.6,26.12
008021,简称缺失,均胜电子,0.01,0.7,24.37
008021,简称缺失,凌云光,0.01,0.5,23.94
008021,简称缺失,虹软科技,0.01,0.3,17.79
008021,简称缺失,电科数字,0.01,0.5,14.37
008021,简称缺失,天准科技,0.0,0.2,11.61
008021,简称缺失,金山办公,0.0,0.02,6.33
008021,简称缺失,新点软件,0.0,0.2,5.58
008021,简称缺失,掌阅科技,0.0,0.2,3.85
007356,简称缺失,阿里巴巴-W,8.09,495.97,80147.49
007356,简称缺失,新易盛,6.86,185.86,67983.33
007356,简称缺失,沪电股份,6.18,833.31,61223.23
007356,简称缺失,工业富联,6.03,905.74,59787.63
007356,简称缺失,中际旭创,4.31,105.94,42765.86
007356,简称缺失,腾讯控股,4.25,69.63,42147.44
007356,简称缺失,深南电路,3.47,158.72,34384.75
007356,简称缺失,杰华特,2.44,417.22,24219.9
007356,简称缺失,兴森科技,2.35,1050.81,23243.92
007356,简称缺失,寒武纪,2.2,16.43,21767.63
007127,简称缺失,瑞芯微,1.53,27.76,6261.36
007127,简称缺失,生益科技,1.52,114.99,6211.76
007127,简称缺失,中材科技,1.35,161.99,5510.91
007127,简称缺失,药明康德,1.25,45.66,5114.73
007127,简称缺失,海康威视,1.21,157.54,4965.66
007127,简称缺失,宁德时代,1.21,12.29,4940.9
007127,简称缺失,德赛西威,1.06,28.7,4340.5
007127,简称缺失,五粮液,1.02,34.47,4187.42
007127,简称缺失,同花顺,1.0,10.97,4078.32
007127,简称缺失,紫光国微,0.99,44.81,4047.15
007029,简称缺失,奥美森,0.0,0.03,0.25
007029,简称缺失,长江能科,0.0,0.03,0.16
006888,简称缺失,源杰科技,9.77,43.98,18868.36
006888,简称缺失,新易盛,9.17,48.43,17713.62
006888,简称缺失,深南电路,8.54,76.13,16491.89
006888,简称缺失,海光信息,8.31,63.58,16059.68
006888,简称缺失,中际旭创,8.17,39.12,15791.52
006888,简称缺失,生益电子,7.91,194.63,15278.53
006888,简称缺失,天孚通信,7.89,90.82,15239.14
006888,简称缺失,胜宏科技,7.83,52.99,15129.64
006888,简称缺失,沪电股份,7.76,204.07,14993.02
006888,简称缺失,寒武纪,7.34,10.71,14187.84
007301,简称缺失,恒玄科技,0.0,0.0,0.07
006503,简称缺失,工业富联,10.04,132.4,8739.66
006503,简称缺失,生益科技,10.02,161.38,8717.8
006503,简称缺失,生益电子,9.75,108.1,8485.48
006503,简称缺失,中际旭创,9.37,20.2,8155.67
006503,简称缺失,深南电路,8.25,33.16,7183.78
006503,简称缺失,沪电股份,8.05,95.35,7005.44
006503,简称缺失,中材科技,8.0,204.56,6959.13
006503,简称缺失,鼎泰高科,7.97,96.72,6933.86
006503,简称缺失,新易盛,7.94,18.9,6913.78
006503,简称缺失,东材科技,5.91,254.21,5145.21
006594,简称缺失,瑞芯微,1.48,18.08,4077.92
006594,简称缺失,深信服,1.3,28.52,3579.26
006594,简称缺失,璞泰来,1.25,111.51,3447.89
006594,简称缺失,广联达,1.2,235.85,3316.07
006594,简称缺失,长川科技,1.18,32.81,3269.0
006594,简称缺失,菲利华,1.18,43.13,3264.94
006594,简称缺失,网宿科技,1.16,278.02,3208.35
006594,简称缺失,汇顶科技,1.15,38.57,3186.28
006594,简称缺失,科沃斯,1.12,28.67,3081.69
006594,简称缺失,光线传媒,1.08,154.24,2987.63
007509,简称缺失,中际旭创,5.61,190.26,76804.16
007509,简称缺失,新易盛,5.05,188.94,69106.86
007509,简称缺失,胜宏科技,3.06,146.86,41929.53
007509,简称缺失,天孚通信,2.62,213.52,35828.29
007509,简称缺失,三花智控,1.41,398.36,19292.8
007509,简称缺失,巨人网络,1.41,425.88,19241.34
007509,简称缺失,汉威科技,1.2,259.56,16500.05
007509,简称缺失,恺英网络,1.13,549.84,15439.51
007509,简称缺失,拓普集团,1.1,186.72,15122.34
007509,简称缺失,华工科技,1.02,151.57,14017.19
006249,简称缺失,兴齐眼药,0.0,0.01,0.92
006249,简称缺失,亿纬锂能,0.0,0.01,0.91
006249,简称缺失,汇川技术,0.0,0.01,0.84
006249,简称缺失,中科创达,0.0,0.01,0.78
006249,简称缺失,软通动力,0.0,0.01,0.55
006249,简称缺失,东方财富,0.0,0.02,0.54
006249,简称缺失,三环集团,0.0,0.01,0.46
006249,简称缺失,金龙鱼,0.0,0.01,0.32
006249,简称缺失,信维通信,0.0,0.01,0.26
006249,简称缺失,三角防务,0.0,0.01,0.25
005763,简称缺失,阿里巴巴-W,6.35,139.38,22523.45
005763,简称缺失,九方智投控股,5.98,311.35,21205.52
005763,简称缺失,中芯国际,5.32,259.6,18854.11
005763,简称缺失,金蝶国际,3.5,775.08,12397.72
005763,简称缺失,同花顺,3.46,33.01,12273.54
005763,简称缺失,海光信息,3.46,48.56,12267.24
005763,简称缺失,兆易创新,3.3,54.92,11713.82
005763,简称缺失,快手-W,3.16,145.11,11208.02
005763,简称缺失,上海复旦,3.07,262.1,10892.57
005763,简称缺失,华虹半导体,2.94,142.7,10422.58
006166,简称缺失,大豪科技,1.14,90.86,1538.26
006166,简称缺失,深赛格,1.12,153.91,1509.86
006166,简称缺失,大富科技,1.01,110.48,1356.69
006166,简称缺失,奥比中光,0.99,14.66,1335.53
006166,简称缺失,移远通信,0.98,12.6,1324.51
006166,简称缺失,华明装备,0.96,65.35,1294.58
006166,简称缺失,外服控股,0.94,240.66,1270.68
006166,简称缺失,江航装备,0.89,110.84,1204.83
006166,简称缺失,英洛华,0.86,108.26,1161.63
006166,简称缺失,西部创业,0.85,222.64,1139.92
005633,简称缺失,胜宏科技,1.6,26.4,7537.2
005633,简称缺失,金诚信,1.36,92.26,6434.42
005633,简称缺失,中材科技,1.13,157.33,5352.37
005633,简称缺失,三美股份,1.09,87.53,5148.51
005633,简称缺失,瑞芯微,1.02,21.39,4824.31
005633,简称缺失,科沃斯,0.97,42.77,4597.78
005633,简称缺失,华工科技,0.95,48.76,4509.32
005633,简称缺失,艾力斯,0.95,40.82,4500.39
005633,简称缺失,亚钾国际,0.93,112.45,4404.67
005633,简称缺失,芯动联科,0.93,57.05,4372.73
005300,简称缺失,中际旭创,9.54,46.04,18584.62
005300,简称缺失,新易盛,9.39,50.03,18300.53
005300,简称缺失,寒武纪,9.37,13.78,18261.68
005300,简称缺失,海光信息,8.08,62.31,15738.47
005300,简称缺失,麦格米特,7.97,200.51,15533.73
005300,简称缺失,兴森科技,7.03,618.87,13689.4
005300,简称缺失,工业富联,6.78,200.06,13205.96
005300,简称缺失,天孚通信,6.01,69.73,11700.02
005300,简称缺失,盛科通信,5.18,79.72,10086.15
005300,简称缺失,中科曙光,5.16,84.29,10051.58
005919,简称缺失,胜宏科技,0.01,0.06,17.13
005919,简称缺失,华天科技,0.01,1.45,17.08
005919,简称缺失,华工科技,0.0,0.1,9.26
005919,简称缺失,芯原股份,0.0,0.04,7.41
005919,简称缺失,先导智能,0.0,0.11,6.84
005919,简称缺失,深科技,0.0,0.23,6.43
005919,简称缺失,巨人网络,0.0,0.14,6.33
005919,简称缺失,百济神州,0.0,0.02,6.14
005919,简称缺失,恒玄科技,0.0,0.02,5.95
005919,简称缺失,指南针,0.0,0.03,5.43
004815,简称缺失,紫金矿业,8.41,4809.77,141599.71
004815,简称缺失,新华保险,5.28,2109.39,88889.69
004815,简称缺失,中国人寿,5.05,4217.8,85115.2
004815,简称缺失,中国平安,4.78,1660.95,80439.81
004815,简称缺失,徐工机械,3.71,5431.77,62465.33
004815,简称缺失,三一重工,3.15,2283.54,53069.48
004815,简称缺失,中国黄金国际,3.06,406.48,51509.15
004815,简称缺失,中国重汽,2.76,2696.39,46404.94
004815,简称缺失,新华保险,2.6,715.93,43786.28
004815,简称缺失,中国海洋石油,2.47,2390.2,41541.68
005963,简称缺失,海光信息,9.06,49.41,12481.09
005963,简称缺失,华虹半导体,7.05,133.04,9716.71
005963,简称缺失,兆易创新,6.5,41.97,8952.2
005963,简称缺失,快手-W,6.04,107.67,8316.44
005963,简称缺失,澜起科技,5.9,52.56,8136.18
005963,简称缺失,沪电股份,5.3,99.37,7301.01
005963,简称缺失,腾讯控股,4.61,10.5,6357.1
005963,简称缺失,生益科技,4.22,107.54,5809.31
005963,简称缺失,芯源微,4.18,38.7,5765.78
005963,简称缺失,中际旭创,4.14,14.13,5704.0
004433,简称缺失,紫金矿业,0.01,0.44,7.98
004433,简称缺失,山东黄金,0.0,0.17,4.98
004433,简称缺失,中国铝业,0.0,0.52,4.63
004433,简称缺失,洛阳钼业,0.0,0.46,4.0
004433,简称缺失,中金黄金,0.0,0.26,3.95
004433,简称缺失,华友钴业,0.0,0.13,3.84
004433,简称缺失,北方稀土,0.0,0.14,2.89
004433,简称缺失,南山铝业,0.0,0.43,1.88
004433,简称缺失,宝钛股份,0.0,0.06,1.87
004433,简称缺失,赤峰黄金,0.0,0.08,1.61
004744,简称缺失,宁德时代,0.12,4.0,1608.96
004744,简称缺失,东方财富,0.04,19.75,535.62
004744,简称缺失,中际旭创,0.04,1.25,504.6
004744,简称缺失,新易盛,0.04,1.25,457.21
004744,简称缺失,阳光电源,0.03,2.25,364.46
004744,简称缺失,胜宏科技,0.02,1.0,285.5
004744,简称缺失,汇川技术,0.02,3.0,251.46
004744,简称缺失,迈瑞医疗,0.01,0.75,184.27
004744,简称缺失,亿纬锂能,0.01,2.0,182.0
004744,简称缺失,温氏股份,0.01,8.25,153.53
004343,简称缺失,宁德时代,0.28,3.53,1418.78
004343,简称缺失,中际旭创,0.1,1.18,477.15
004343,简称缺失,东方财富,0.09,17.15,465.18
004343,简称缺失,新易盛,0.09,1.2,440.2
004343,简称缺失,阳光电源,0.06,2.01,324.93
004343,简称缺失,胜宏科技,0.05,0.84,239.82
004343,简称缺失,汇川技术,0.05,2.73,228.61
004343,简称缺失,迈瑞医疗,0.04,0.76,186.26
004343,简称缺失,亿纬锂能,0.03,1.73,157.43
004343,简称缺失,温氏股份,0.03,7.31,136.04
004235,简称缺失,牧原股份,10.07,1142.46,60550.26
004235,简称缺失,三一重工,8.09,2093.86,48661.41
004235,简称缺失,山东黄金,7.43,1136.48,44697.81
004235,简称缺失,美的集团,7.35,607.84,44165.9
004235,简称缺失,宁德时代,6.46,96.68,38864.8
004235,简称缺失,紫金矿业,4.93,1006.8,29640.13
004235,简称缺失,徐工机械,3.94,2060.17,23691.98
004235,简称缺失,嘉友国际,3.53,1482.56,21200.67
004235,简称缺失,新乳业,2.27,798.37,13628.18
004235,简称缺失,九号公司,2.13,191.32,12799.36
003305,简称缺失,紫金矿业,8.79,684.83,20161.4
003305,简称缺失,金力永磁,8.31,555.77,19057.48
003305,简称缺失,北方稀土,8.14,386.28,18657.32
003305,简称缺失,盛和资源,7.86,782.28,18031.55
003305,简称缺失,广晟有色,7.75,307.76,17769.8
003305,简称缺失,宁波韵升,7.41,1188.07,17001.28
003305,简称缺失,中国稀土,7.35,325.53,16846.18
003305,简称缺失,湖南黄金,5.59,571.59,12826.58
003305,简称缺失,招金矿业,5.46,438.7,12520.39
003305,简称缺失,兴业银锡,4.63,323.03,10624.46
003766,简称缺失,三协电机,0.0,0.02,1.39
003766,简称缺失,天孚通信,0.0,0.01,1.34
003766,简称缺失,阳光电源,0.0,0.01,1.31
003766,简称缺失,汇川技术,0.0,0.01,0.58
003766,简称缺失,全志科技,0.0,0.01,0.3
003766,简称缺失,东方财富,0.0,0.01,0.16
003766,简称缺失,蓝思科技,0.0,0.0,0.02
004195,简称缺失,湖北宜化,0.99,110.99,1633.77
004195,简称缺失,道通科技,0.94,39.45,1547.05
004195,简称缺失,移远通信,0.93,14.56,1530.55
004195,简称缺失,威迈斯,0.91,36.57,1499.93
004195,简称缺失,日月股份,0.88,99.1,1455.78
004195,简称缺失,腾远钴业,0.88,19.1,1453.89
004195,简称缺失,时代新材,0.85,92.97,1404.78
004195,简称缺失,奥赛康,0.83,65.79,1363.83
004195,简称缺失,中钨高新,0.77,68.23,1271.12
004195,简称缺失,吉比特,0.75,2.17,1232.56
005491,简称缺失,信达生物,7.54,1600.13,140829.48
005491,简称缺失,中际旭创,5.58,258.01,104153.88
005491,简称缺失,巨化股份,5.4,2522.52,100926.01
005491,简称缺失,晶晨股份,5.33,896.14,99632.34
005491,简称缺失,立讯精密,5.08,1467.79,94951.48
005491,简称缺失,中芯国际,4.71,1211.42,87982.11
005491,简称缺失,诺诚健华,4.37,4779.1,81679.53
005491,简称缺失,澜起科技,4.07,491.55,76091.35
005491,简称缺失,东山精密,3.5,913.58,65320.99
005491,简称缺失,宁德时代,3.37,156.57,62942.27
004237,简称缺失,新易盛,9.52,242.54,88713.12
004237,简称缺失,中际旭创,9.32,215.05,86811.38
004237,简称缺失,万华化学,5.18,725.28,48289.0
004237,简称缺失,三一重工,3.73,1493.75,34714.84
004237,简称缺失,工业富联,3.68,519.89,34318.11
004237,简称缺失,兴业银锡,3.36,950.87,31273.96
004237,简称缺失,三花智控,3.31,637.32,30865.2
004237,简称缺失,天孚通信,3.31,183.7,30824.52
004237,简称缺失,牧原股份,2.62,460.97,24431.34
004237,简称缺失,新泉股份,2.56,287.02,23834.15
002170,简称缺失,豪威集团,9.28,490.97,74220.66
002170,简称缺失,立讯精密,9.22,1140.0,73746.6
002170,简称缺失,新易盛,8.74,191.0,69862.07
002170,简称缺失,德赛西威,8.67,458.5,69338.96
002170,简称缺失,中际旭创,8.08,160.11,64633.2
002170,简称缺失,兆易创新,7.36,276.0,58870.8
002170,简称缺失,歌尔股份,6.33,1350.0,50625.0
002170,简称缺失,拓普集团,5.93,585.5,47419.86
002170,简称缺失,瑞芯微,5.08,180.0,40599.0
002170,简称缺失,水晶光电,4.33,1310.0,34636.4
004348,简称缺失,胜宏科技,0.03,0.95,271.23
004348,简称缺失,华工科技,0.02,1.48,136.87
004348,简称缺失,芯原股份,0.01,0.55,99.79
004348,简称缺失,巨人网络,0.01,1.99,89.91
004348,简称缺失,指南针,0.01,0.53,89.0
004348,简称缺失,先导智能,0.01,1.27,79.02
004348,简称缺失,润和软件,0.01,1.25,75.75
004348,简称缺失,欣旺达,0.01,2.17,73.32
004348,简称缺失,瑞芯微,0.01,0.32,72.18
004348,简称缺失,恺英网络,0.01,2.51,70.48
004241,简称缺失,紫金矿业,5.17,2153.48,63398.45
004241,简称缺失,宁德时代,4.68,142.5,57285.0
004241,简称缺失,立讯精密,4.38,830.0,53693.0
004241,简称缺失,万华化学,4.37,803.98,53529.29
004241,简称缺失,三一重工,3.73,1966.57,45703.09
004241,简称缺失,三花智控,3.45,872.54,42257.17
004241,简称缺失,工业富联,3.05,565.94,37357.88
004241,简称缺失,兴业银锡,3.04,1131.13,37202.77
004241,简称缺失,江山股份,2.77,1300.01,33930.13
004241,简称缺失,中际旭创,2.65,80.4,32455.87
002207,简称缺失,兴业银锡,9.32,943.82,31042.25
002207,简称缺失,紫金矿业,9.2,1040.18,30622.89
002207,简称缺失,中金黄金,9.06,1375.04,30154.65
002207,简称缺失,盛达资源,8.91,1121.69,29657.58
002207,简称缺失,赤峰黄金,8.88,999.06,29552.34
002207,简称缺失,湖南黄金,8.47,1256.08,28186.38
002207,简称缺失,株冶集团,8.12,1665.01,27023.11
002207,简称缺失,山东黄金,8.06,682.22,26831.9
002207,简称缺失,西部黄金,7.25,807.32,24138.87
002207,简称缺失,山金国际,6.61,964.46,22018.61
002052,简称缺失,灿芯股份,9.02,127.64,13004.1
002052,简称缺失,芯原股份,7.19,58.69,10367.24
002052,简称缺失,杰华特,6.73,167.01,9695.09
002052,简称缺失,寒武纪,6.33,6.89,9125.54
002052,简称缺失,中芯国际,5.02,51.66,7238.75
002052,简称缺失,东土科技,4.9,273.18,7064.43
002052,简称缺失,星环科技,4.51,108.08,6502.16
002052,简称缺失,聚辰股份,4.37,38.76,6296.88
002052,简称缺失,富临精工,4.26,276.26,6138.59
002052,简称缺失,乐鑫科技,4.25,28.23,6122.35
015144,简称缺失,恒玄科技,9.9,51.92,15445.07
015144,简称缺失,中芯国际,9.21,197.85,14369.85
015144,简称缺失,澜起科技,6.82,68.71,10636.59
015144,简称缺失,理想汽车-W,6.07,102.18,9459.82
015144,简称缺失,阿里巴巴-W,5.52,53.24,8603.58
015144,简称缺失,腾讯控股,4.85,12.49,7560.32
015144,简称缺失,九方智投控股,4.25,97.35,6630.51
015144,简称缺失,翱捷科技,4.04,57.04,6302.8
015144,简称缺失,药康生物,3.67,316.91,5723.33
015144,简称缺失,晶晨股份,3.16,44.39,4935.49
002096,简称缺失,紫金矿业,9.0,314.59,9261.53
002096,简称缺失,东方电缆,7.07,102.91,7269.56
002096,简称缺失,汇成真空,6.4,38.0,6578.94
002096,简称缺失,洛阳钼业,5.8,380.0,5966.0
002096,简称缺失,华海清科,5.62,35.01,5783.26
002096,简称缺失,圆通速递,5.35,300.0,5505.0
002096,简称缺失,茂莱光学,5.24,12.29,5394.78
002096,简称缺失,兆易创新,4.73,22.8,4863.24
002096,简称缺失,嘉友国际,4.6,330.55,4726.87
002096,简称缺失,山东威达,4.44,321.0,4564.62
001770,简称缺失,浙江荣泰,8.15,117.44,13221.51
001770,简称缺失,震裕科技,4.56,39.34,7404.15
001770,简称缺失,美湖股份,4.32,157.6,7016.4
001770,简称缺失,汉威科技,4.1,104.66,6653.24
001770,简称缺失,安培龙,4.02,39.28,6519.47
001770,简称缺失,斯菱股份,3.88,47.06,6306.17
001770,简称缺失,宁波华翔,3.82,160.22,6200.51
001770,简称缺失,均胜电子,3.39,157.89,5497.73
001770,简称缺失,伟创电气,3.28,55.88,5328.03
001770,简称缺失,科达利,3.24,26.88,5261.24
002036,简称缺失,贵州茅台,9.26,13.6,19638.26
002036,简称缺失,宁德时代,7.92,41.8,16803.6
002036,简称缺失,紫金矿业,7.5,539.99,15897.45
002036,简称缺失,五粮液,5.33,93.0,11297.64
002036,简称缺失,药明康德,5.12,97.0,10866.91
002036,简称缺失,ST华通,5.04,515.92,10684.7
002036,简称缺失,山西汾酒,5.03,55.0,10670.55
002036,简称缺失,迈瑞医疗,4.52,39.0,9581.91
002036,简称缺失,洛阳钼业,3.55,480.0,7536.0
002036,简称缺失,益方生物,2.79,190.0,5910.9
001618,简称缺失,立讯精密,0.21,3.51,227.06
001618,简称缺失,中芯国际,0.18,1.37,192.03
001618,简称缺失,工业富联,0.17,2.75,181.53
001618,简称缺失,寒武纪,0.15,0.13,166.16
001618,简称缺失,海光信息,0.15,0.63,158.43
001618,简称缺失,北方华创,0.12,0.29,132.77
001618,简称缺失,澜起科技,0.11,0.79,122.35
001618,简称缺失,中科曙光,0.11,1.02,121.64
001618,简称缺失,胜宏科技,0.11,0.41,117.06
001618,简称缺失,京东方A,0.1,25.51,106.12
002112,简称缺失,胜宏科技,9.69,304.97,87068.94
002112,简称缺失,新易盛,9.59,235.6,86175.41
002112,简称缺失,中际旭创,9.3,206.93,83533.5
002112,简称缺失,工业富联,7.09,964.66,63677.21
002112,简称缺失,天孚通信,5.09,272.61,45743.96
002112,简称缺失,东山精密,4.99,627.34,44854.81
002112,简称缺失,沪电股份,4.85,593.64,43614.69
002112,简称缺失,麦格米特,4.36,505.72,39178.13
002112,简称缺失,长飞光纤,4.19,373.23,37636.92
002112,简称缺失,长芯博创,4.16,351.48,37352.03
001301,简称缺失,山东黄金,9.87,572.21,22504.91
001301,简称缺失,兴业银锡,9.81,679.56,22350.73
001301,简称缺失,锡业股份,8.24,811.32,18774.06
001301,简称缺失,华泰证券,7.43,778.41,16945.99
001301,简称缺失,中金黄金,6.98,725.05,15900.24
001301,简称缺失,赛轮轮胎,6.15,975.39,14026.07
001301,简称缺失,中国太保,4.81,311.94,10955.33
001301,简称缺失,中曼石油,4.68,547.24,10665.68
001301,简称缺失,海南橡胶,4.14,1748.96,9444.38
001301,简称缺失,招商轮船,3.94,1011.99,8986.47
001557,简称缺失,华工科技,1.69,57.95,5359.11
001557,简称缺失,通富微电,1.33,105.11,4222.43
001557,简称缺失,瑞芯微,1.22,17.22,3884.65
001557,简称缺失,湖南裕能,1.17,61.29,3703.14
001557,简称缺失,西部矿业,1.16,168.01,3696.22
001557,简称缺失,恒玄科技,1.16,12.41,3692.3
001557,简称缺失,芯联集成,1.14,552.18,3633.31
001557,简称缺失,全志科技,1.13,69.25,3588.38
001557,简称缺失,兴森科技,1.13,161.55,3573.49
001557,简称缺失,中科创达,1.12,45.79,3556.97
001593,简称缺失,宁德时代,0.17,3.33,1336.81
001593,简称缺失,东方财富,0.06,16.84,456.64
001593,简称缺失,中际旭创,0.05,0.98,395.65
001593,简称缺失,新易盛,0.05,1.06,387.72
001593,简称缺失,阳光电源,0.04,1.74,282.14
001593,简称缺失,胜宏科技,0.03,0.81,231.26
001593,简称缺失,汇川技术,0.03,2.62,219.26
001593,简称缺失,亿纬锂能,0.02,1.77,161.08
001593,简称缺失,同花顺,0.02,0.41,151.2
001593,简称缺失,迈瑞医疗,0.02,0.54,132.18
001407,简称缺失,工业富联,7.9,725.35,47880.35
001407,简称缺失,中际旭创,7.58,113.76,45922.64
001407,简称缺失,新易盛,7.48,124.01,45357.67
001407,简称缺失,新泉股份,5.84,425.96,35372.03
001407,简称缺失,寒武纪,5.7,26.07,34537.19
001407,简称缺失,三花智控,4.6,575.67,27879.7
001407,简称缺失,生益科技,3.1,347.78,18787.08
001407,简称缺失,ST华通,2.99,875.23,18126.01
001407,简称缺失,科华数据,2.75,232.95,16656.21
001407,简称缺失,统联精密,2.61,253.23,15814.26
011823,简称缺失,新易盛,9.82,98.65,36083.91
011823,简称缺失,宁德时代,9.81,89.67,36048.14
011823,简称缺失,中际旭创,8.91,81.07,32727.35
011823,简称缺失,阳光电源,7.94,180.11,29174.62
011823,简称缺失,生益科技,6.26,425.87,23005.5
011823,简称缺失,华虹半导体,4.86,244.7,17872.5
011823,简称缺失,烽火通信,4.55,609.32,16725.83
011823,简称缺失,工业富联,3.87,215.53,14226.98
011823,简称缺失,三环集团,3.01,238.85,11065.92
011823,简称缺失,江西铜业股份,2.95,389.2,10837.62
