日期,优先级,基金代码,行动提示,最大回撤(%),当日跌幅(%),RSI,MACD信号,布林带位置,MA50/MA250(d2),MA50/MA250趋势,趋势健康度,净值/MA50,净值/MA250,最新净值,试水买价(跌3%),近一周连跌
2025-11-12,P3,23567,观察中 (RSI未超卖),20.52%,-1.93%,36.85,观察,**下轨下方**,,数据不足,数据不足,0.88,,1.0077,0.977469,4
2025-11-12,P3,3305,观察中 (RSI未超卖),16.71%,-1.24%,39.07,观察,下轨附近,1.34,平稳,健康,0.94,1.26,4.451,4.317469999999999,2
2025-11-12,P3,9645,观察中 (RSI未超卖),15.02%,0.10%,43.25,观察,下轨附近,1.38,向上,健康,0.93,1.28,1.7682,1.7151539999999998,3
2025-11-12,P3,8327,观察中 (RSI未超卖),11.82%,0.03%,50.08,观察,轨道中间,1.52,向上,健康,0.99,1.51,2.3307,2.2607790000000003,3
2025-11-12,P3,14662,关注 (回撤 9.85%),9.85%,-0.34%,50.94,观察,轨道中间,1.18,向上,健康,1.07,1.26,2.1075,2.044275,1
2025-11-12,P3,13081,关注 (回撤 7.83%),7.83%,-0.04%,54.75,观察,轨道中间,1.34,向上,健康,1.07,1.44,2.5642,2.487274,2
2025-11-12,P3,11372,关注 (回撤 7.74%),7.74%,-0.65%,55.61,观察,轨道中间,1.2,平稳,健康,0.99,1.19,0.706,0.68482,2
2025-11-12,P3,7029,关注 (回撤 6.71%),6.71%,-0.61%,55.81,观察,轨道中间,1.17,向上,健康,1.01,1.18,1.698,1.64706,2
2025-11-13,P3,23567,观察中 (RSI未超卖),20.52%,-1.93%,36.85,观察,**下轨下方**,,数据不足,数据不足,0.88,,1.0077,0.977469,4
2025-11-13,P3,3305,观察中 (RSI未超卖),16.71%,-1.24%,39.07,观察,下轨附近,1.34,平稳,健康,0.94,1.26,4.451,4.317469999999999,2
2025-11-13,P3,9645,观察中 (RSI未超卖),15.02%,0.10%,43.25,观察,下轨附近,1.38,向上,健康,0.93,1.28,1.7682,1.7151539999999998,3
2025-11-13,P3,13292,观察中 (RSI未超卖),13.31%,-0.74%,39.86,观察,下轨附近,1.15,向上,健康,0.95,1.09,1.999,1.93903,2
2025-11-13,P3,10956,观察中 (RSI未超卖),13.28%,-0.78%,39.53,观察,下轨附近,1.15,向上,健康,0.95,1.09,1.0739,1.041683,2
2025-11-13,P3,14194,观察中 (RSI未超卖),12.46%,-0.33%,51.4,观察,轨道中间,1.3,向上,健康,1.02,1.33,1.2059,1.1697229999999998,4
2025-11-13,P3,14544,观察中 (RSI未超卖),12.02%,0.46%,49.66,观察,轨道中间,1.35,向上,健康,0.99,1.33,1.6289,1.580033,3
2025-11-13,P3,12551,观察中 (RSI未超卖),12.02%,-0.26%,47.89,观察,轨道中间,1.3,向上,健康,0.99,1.29,1.205,1.16885,4
2025-11-13,P3,10524,观察中 (RSI未超卖),11.85%,0.44%,49.98,观察,轨道中间,1.49,向上,健康,1.0,1.48,1.5146,1.469162,3
2025-11-13,P3,15895,观察中 (RSI未超卖),11.83%,-0.32%,45.65,观察,轨道中间,1.3,向上,健康,0.98,1.28,1.4837,1.439189,4
2025-11-13,P3,15877,观察中 (RSI未超卖),11.82%,-0.30%,46.55,观察,轨道中间,1.31,向上,健康,0.99,1.29,1.5178,1.472266,4
2025-11-13,P3,8327,观察中 (RSI未超卖),11.82%,0.03%,50.08,观察,轨道中间,1.52,向上,健康,0.99,1.51,2.3307,2.2607790000000003,3
2025-11-13,P3,15337,观察中 (RSI未超卖),11.81%,-0.50%,45.87,观察,轨道中间,1.26,向上,健康,0.99,1.25,1.2619,1.224043,4
2025-11-13,P3,12553,观察中 (RSI未超卖),11.78%,-0.50%,45.92,观察,轨道中间,1.27,向上,健康,0.99,1.26,1.0929,1.060113,4
2025-11-13,P3,14777,观察中 (RSI未超卖),11.67%,-0.49%,46.17,观察,轨道中间,1.27,向上,健康,0.99,1.26,1.2166,1.180102,4
2025-11-13,P3,12838,观察中 (RSI未超卖),11.64%,-0.55%,44.73,观察,轨道中间,1.26,向上,健康,0.99,1.25,0.9264,0.898608,4
2025-11-13,P3,14130,观察中 (RSI未超卖),11.60%,0.07%,48.58,观察,轨道中间,1.25,向上,健康,0.97,1.22,1.6703,1.620191,3
2025-11-13,P3,8888,观察中 (RSI未超卖),11.58%,-0.53%,45.68,观察,轨道中间,1.27,向上,健康,0.99,1.26,1.4866,1.4420019999999998,4
2025-11-13,P3,12630,观察中 (RSI未超卖),11.57%,-0.54%,45.64,观察,轨道中间,1.27,向上,健康,0.99,1.26,1.0146,0.984162,4
2025-11-13,P3,1618,观察中 (RSI未超卖),11.51%,-0.40%,47.34,观察,轨道中间,1.3,向上,健康,0.99,1.28,1.888,1.83136,4
2025-11-13,P3,7301,观察中 (RSI未超卖),11.49%,-0.51%,45.19,观察,轨道中间,1.26,向上,健康,0.99,1.24,2.7442,2.661874,4
2025-11-13,P3,10531,观察中 (RSI未超卖),11.49%,-0.19%,46.24,观察,轨道中间,1.35,向上,健康,0.99,1.33,1.4829,1.4384130000000002,4
2025-11-13,P3,12970,观察中 (RSI未超卖),11.36%,-0.53%,45.63,观察,轨道中间,1.27,向上,健康,0.99,1.26,1.0552,1.0235439999999998,4
2025-11-13,P3,14419,观察中 (RSI未超卖),11.25%,-0.68%,45.24,观察,轨道中间,1.27,向上,健康,0.99,1.25,1.1174,1.083878,4
2025-11-13,P3,12040,观察中 (RSI未超卖),11.23%,-0.56%,46.91,观察,轨道中间,1.26,向上,健康,0.99,1.25,1.3334,1.2933979999999998,4
2025-11-13,P3,11840,观察中 (RSI未超卖),11.21%,0.36%,46.69,观察,轨道中间,1.36,向上,健康,0.98,1.33,1.4521,1.408537,3
2025-11-13,P3,9239,观察中 (RSI未超卖),11.20%,0.37%,46.86,观察,轨道中间,1.36,向上,健康,0.98,1.33,2.211,2.14467,3
2025-11-13,P3,14219,观察中 (RSI未超卖),11.19%,0.04%,53.83,观察,轨道中间,1.39,向上,健康,1.02,1.43,1.4093,1.367021,3
2025-11-13,P3,2974,观察中 (RSI未超卖),11.18%,-0.64%,46.98,观察,轨道中间,1.25,向上,健康,0.98,1.23,1.5552,1.508544,4
2025-11-13,P3,15788,观察中 (RSI未超卖),11.17%,-0.70%,43.01,观察,下轨附近,1.21,向上,健康,0.97,1.18,1.4888,1.444136,4
2025-11-13,P3,12734,观察中 (RSI未超卖),11.15%,0.37%,46.74,观察,轨道中间,1.35,向上,健康,0.98,1.32,1.6582,1.6084539999999998,3
2025-11-13,P3,13811,观察中 (RSI未超卖),10.91%,-0.56%,46.65,观察,轨道中间,1.26,向上,健康,0.99,1.25,0.9641,0.935177,4
2025-11-13,P3,14172,观察中 (RSI未超卖),10.91%,-1.01%,44.44,观察,下轨附近,1.25,向上,健康,0.98,1.22,1.275,1.2367499999999998,4
2025-11-13,P3,11609,观察中 (RSI未超卖),10.84%,-0.55%,46.65,观察,轨道中间,1.26,向上,健康,0.99,1.25,1.0565,1.024805,4
2025-11-13,P3,13122,观察中 (RSI未超卖),10.84%,-0.53%,48.98,观察,轨道中间,1.26,向上,健康,0.99,1.24,1.1049,1.071753,4
2025-11-13,P3,11613,观察中 (RSI未超卖),10.84%,-0.55%,46.63,观察,轨道中间,1.26,向上,健康,0.99,1.25,1.084,1.05148,4
2025-11-13,P3,13894,观察中 (RSI未超卖),10.83%,-0.55%,45.69,观察,轨道中间,1.25,向上,健康,0.99,1.24,1.2017,1.165649,4
2025-11-13,P3,14855,观察中 (RSI未超卖),10.63%,-0.23%,50.52,观察,轨道中间,1.31,向上,健康,1.04,1.36,1.8821,1.825637,2
2025-11-13,P3,11611,观察中 (RSI未超卖),10.62%,-0.51%,46.44,观察,轨道中间,1.25,向上,健康,0.99,1.24,1.066,1.03402,4
2025-11-13,P3,15676,观察中 (RSI未超卖),10.47%,-0.67%,47.45,观察,轨道中间,1.24,向上,健康,0.98,1.22,1.6282,1.579354,4
2025-11-13,P3,14173,观察中 (RSI未超卖),10.46%,-0.65%,48.05,观察,轨道中间,1.25,向上,健康,0.98,1.23,1.224,1.18728,4
2025-11-13,P3,11833,观察中 (RSI未超卖),10.44%,0.08%,46.42,观察,轨道中间,1.34,向上,健康,0.98,1.31,1.4062,1.3640139999999998,3
2025-11-13,P3,7816,观察中 (RSI未超卖),10.43%,-0.82%,40.95,观察,下轨附近,1.28,向上,健康,0.95,1.22,1.4713,1.427161,4
2025-11-13,P3,13084,观察中 (RSI未超卖),10.37%,-0.21%,48.82,观察,轨道中间,1.2,平稳,健康,0.98,1.17,1.1893,1.153621,4
2025-11-13,P3,16123,观察中 (RSI未超卖),10.33%,0.26%,52.18,观察,轨道中间,1.37,向上,健康,1.02,1.4,1.3409,1.300673,3
2025-11-13,P3,12809,观察中 (RSI未超卖),10.27%,0.27%,46.81,观察,轨道中间,1.2,向上,健康,0.98,1.18,1.1016,1.068552,1
2025-11-13,P3,12555,观察中 (RSI未超卖),10.23%,-0.37%,52.67,观察,轨道中间,1.34,向上,健康,1.01,1.35,0.9782,0.948854,4
2025-11-13,P3,13299,观察中 (RSI未超卖),10.11%,-0.05%,52.23,观察,轨道中间,1.37,向上,健康,1.02,1.39,1.0363,1.005211,4
2025-11-13,P3,7874,观察中 (RSI未超卖),10.07%,-0.13%,45.61,观察,轨道中间,1.31,向上,健康,0.98,1.28,1.6142,1.565774,4
2025-11-13,P3,12908,观察中 (RSI未超卖),10.04%,-0.05%,52.76,观察,轨道中间,1.37,向上,健康,1.02,1.4,1.0063,0.976111,4
2025-11-13,P3,13316,关注 (回撤 9.99%),9.99%,-0.05%,52.69,观察,轨道中间,1.36,向上,健康,1.02,1.39,0.9822,0.952734,4
2025-11-13,P3,14985,关注 (回撤 9.98%),9.98%,-0.22%,53.62,观察,轨道中间,1.34,向上,健康,1.02,1.37,1.7118,1.660446,4
2025-11-13,P3,13305,关注 (回撤 9.98%),9.98%,-0.06%,52.59,观察,轨道中间,1.37,向上,健康,1.02,1.4,1.0594,1.027618,4
2025-11-13,P3,13318,关注 (回撤 9.95%),9.95%,-0.07%,52.55,观察,轨道中间,1.36,向上,健康,1.02,1.39,1.0397,1.008509,4
2025-11-13,P3,160424,关注 (回撤 9.92%),9.92%,-0.22%,53.6,观察,轨道中间,1.34,向上,健康,1.02,1.37,2.3873,2.315681,4
2025-11-13,P3,13303,关注 (回撤 9.92%),9.92%,-0.05%,52.91,观察,轨道中间,1.36,向上,健康,1.02,1.39,1.0912,1.0584639999999998,4
2025-11-13,P3,14662,关注 (回撤 9.85%),9.85%,-0.34%,50.94,观察,轨道中间,1.18,向上,健康,1.07,1.26,2.1075,2.044275,1
2025-11-13,P3,12899,关注 (回撤 9.75%),9.75%,-0.06%,52.65,观察,轨道中间,1.36,向上,健康,1.02,1.39,1.0063,0.976111,4
2025-11-13,P3,8987,关注 (回撤 9.72%),9.72%,-0.33%,50.76,观察,轨道中间,1.18,向上,健康,1.07,1.26,1.9926,1.932822,1
2025-11-13,P3,1593,关注 (回撤 9.58%),9.58%,-0.36%,54.67,观察,轨道中间,1.3,向上,健康,1.01,1.32,1.2389,1.201733,4
2025-11-13,P3,13277,关注 (回撤 9.52%),9.52%,-0.35%,54.49,观察,轨道中间,1.3,向上,健康,1.01,1.32,1.1211,1.087467,4
2025-11-13,P3,15673,关注 (回撤 9.49%),9.49%,-0.36%,54.41,观察,轨道中间,1.3,向上,健康,1.01,1.31,1.3943,1.352471,4
2025-11-13,P3,7665,关注 (回撤 9.45%),9.45%,-0.36%,54.57,观察,轨道中间,1.3,向上,健康,1.02,1.32,1.7177,1.666169,4
2025-11-13,P3,15600,关注 (回撤 9.45%),9.45%,-0.35%,54.55,观察,轨道中间,1.3,向上,健康,1.02,1.32,1.7254,1.673638,4
2025-11-13,P3,4744,关注 (回撤 9.42%),9.42%,-0.35%,54.61,观察,轨道中间,1.3,向上,健康,1.02,1.32,3.1186,3.025042,4
2025-11-13,P3,6910,关注 (回撤 9.28%),9.28%,0.14%,48.75,观察,轨道中间,1.32,向上,健康,0.99,1.31,1.9747,1.915459,3
2025-11-13,P3,11036,关注 (回撤 9.16%),9.16%,-1.54%,45.96,观察,下轨附近,1.36,向上,健康,0.99,1.34,1.2045,1.168365,4
2025-11-13,P3,11317,关注 (回撤 9.00%),9.00%,-0.45%,55.88,观察,轨道中间,1.26,向上,健康,1.01,1.27,1.0956,1.0627319999999998,4
2025-11-13,P3,10356,关注 (回撤 8.99%),8.99%,-0.73%,54.42,观察,轨道中间,1.3,向上,健康,1.01,1.31,2.1359,2.071823,4
2025-11-13,P3,8400,关注 (回撤 8.93%),8.93%,-0.49%,52.36,观察,轨道中间,1.28,向上,健康,1.01,1.3,1.9164,1.858908,4
2025-11-13,P3,15795,关注 (回撤 8.67%),8.67%,-0.29%,54.52,观察,轨道中间,1.32,向上,健康,1.01,1.33,1.2247,1.1879589999999998,4
2025-11-13,P3,12718,关注 (回撤 8.61%),8.61%,-0.05%,47.43,观察,轨道中间,1.26,向上,健康,0.99,1.25,1.0615,1.029655,4
2025-11-13,P3,14332,关注 (回撤 8.61%),8.61%,-1.53%,45.89,观察,下轨附近,1.36,向上,健康,0.99,1.34,1.1552,1.120544,4
2025-11-13,P3,7984,关注 (回撤 8.25%),8.25%,-0.23%,45.17,观察,轨道中间,1.22,向上,健康,0.98,1.2,1.8346,1.779562,4
2025-11-13,P3,4433,关注 (回撤 7.99%),7.99%,0.01%,55.67,观察,轨道中间,1.33,向上,健康,1.06,1.41,1.6702,1.620094,1
2025-11-13,P3,10063,关注 (回撤 7.96%),7.96%,0.21%,62.6,观察,轨道中间,1.22,向上,健康,1.06,1.29,0.9027,0.8756189999999999,3
2025-11-13,P3,12901,关注 (回撤 7.91%),7.91%,-0.58%,51.46,观察,轨道中间,1.3,向上,健康,1.01,1.31,0.8624,0.836528,4
2025-11-13,P3,5627,关注 (回撤 7.89%),7.89%,-0.44%,49.84,观察,轨道中间,1.24,向上,健康,1.0,1.24,2.3075,2.238275,4
2025-11-13,P3,13081,关注 (回撤 7.83%),7.83%,-0.04%,54.75,观察,轨道中间,1.34,向上,健康,1.07,1.44,2.5642,2.487274,2
2025-11-13,P3,11372,关注 (回撤 7.74%),7.74%,-0.65%,55.61,观察,轨道中间,1.2,平稳,健康,0.99,1.19,0.706,0.68482,2
2025-11-13,P3,13278,关注 (回撤 7.56%),7.56%,-0.34%,46.72,观察,轨道中间,1.19,平稳,健康,0.98,1.17,1.162,1.1271399999999998,2
2025-11-13,P3,5727,关注 (回撤 7.24%),7.24%,-0.76%,58.32,死叉,轨道中间,1.15,平稳,健康,1.0,1.15,1.2659,1.227923,2
2025-11-13,P3,501037,关注 (回撤 7.14%),7.14%,-0.64%,55.52,观察,轨道中间,1.17,向上,健康,1.01,1.18,1.351,1.31047,2
2025-11-13,P3,15596,关注 (回撤 7.03%),7.03%,0.08%,55.47,观察,轨道中间,1.34,向上,健康,1.07,1.43,2.0807,2.018279,1
2025-11-13,P3,11965,关注 (回撤 6.90%),6.90%,-0.62%,55.41,观察,轨道中间,1.17,向上,健康,1.01,1.17,1.1459,1.1115229999999998,2
2025-11-13,P3,7413,关注 (回撤 6.88%),6.88%,-0.27%,59.02,观察,轨道中间,1.21,向上,健康,1.02,1.22,1.7388,1.6866359999999998,2
2025-11-13,P3,70039,关注 (回撤 6.82%),6.82%,-0.62%,55.38,观察,轨道中间,1.17,向上,健康,1.01,1.17,1.6309,1.581973,2
2025-11-13,P3,4348,关注 (回撤 6.78%),6.78%,-0.62%,55.45,观察,轨道中间,1.17,向上,健康,1.01,1.17,1.9724,1.913228,2
2025-11-13,P3,6382,关注 (回撤 6.72%),6.72%,-0.62%,55.45,观察,轨道中间,1.17,向上,健康,1.01,1.18,0.844,0.81868,2
2025-11-13,P3,7029,关注 (回撤 6.71%),6.71%,-0.61%,55.81,观察,轨道中间,1.17,向上,健康,1.01,1.18,1.698,1.64706,2
2025-11-13,P3,5919,关注 (回撤 6.70%),6.70%,-0.63%,55.77,观察,轨道中间,1.17,向上,健康,1.01,1.18,1.4283,1.3854509999999998,2
2025-11-13,P3,6938,关注 (回撤 6.69%),6.69%,-0.62%,55.72,观察,轨道中间,1.17,向上,健康,1.01,1.18,2.1987,2.132739,2
2025-11-13,P3,7223,关注 (回撤 6.67%),6.67%,-0.63%,56.5,观察,轨道中间,1.17,向上,健康,1.01,1.18,1.3659,1.324923,2
2025-11-13,P3,8001,关注 (回撤 6.64%),6.64%,-0.60%,55.86,观察,轨道中间,1.17,向上,健康,1.01,1.18,1.4213,1.378661,2
2025-11-13,P3,6215,关注 (回撤 6.49%),6.49%,-0.63%,55.72,观察,轨道中间,1.17,向上,健康,1.01,1.18,1.3764,1.335108,2
2025-11-13,P3,7794,关注 (回撤 6.38%),6.38%,-0.42%,51.66,观察,轨道中间,1.17,向上,健康,1.0,1.17,1.9235,1.865795,2
2025-11-13,P3,15454,关注 (回撤 6.37%),6.37%,-0.56%,58.63,观察,轨道中间,1.2,向上,健康,1.02,1.23,1.3331,1.293107,2
2025-11-13,P3,14345,关注 (回撤 6.34%),6.34%,-0.30%,52.19,观察,轨道中间,1.22,向上,健康,1.01,1.23,1.3984,1.356448,4
2025-11-13,P3,5795,关注 (回撤 6.06%),6.06%,-0.47%,51.01,观察,轨道中间,1.19,平稳,健康,1.0,1.19,1.6145,1.566065,2
2025-11-14,P2,13292,🔥 P2-强力超卖 (RSI<=35),13.31%,0.70%,30.83,观察,下轨附近,1.15,向上,健康,0.96,1.1,2.013,1.95261,2
2025-11-14,P2,10956,🔥 P2-强力超卖 (RSI<=35),13.28%,0.75%,30.97,观察,下轨附近,1.15,向上,健康,0.96,1.1,1.082,1.04954,2
2025-11-14,P2,11840,🔥 P2-强力超卖 (RSI<=35),11.21%,0.56%,34.88,观察,轨道中间,1.36,向上,健康,0.98,1.33,1.4603,1.416491,2
2025-11-14,P2,9239,🔥 P2-强力超卖 (RSI<=35),11.20%,0.55%,34.97,观察,轨道中间,1.36,向上,健康,0.98,1.34,2.2232,2.156504,2
2025-11-14,P2,12734,🔥 P2-强力超卖 (RSI<=35),11.15%,0.56%,34.96,观察,轨道中间,1.35,向上,健康,0.98,1.33,1.6675,1.617475,2
2025-11-14,P2,7816,🔥 P2-强力超卖 (RSI<=35),10.43%,0.56%,32.1,观察,下轨附近,1.28,向上,健康,0.96,1.23,1.4795,1.435115,3
2025-11-14,P3,23567,观察中 (RSI未超卖),20.52%,-1.93%,36.85,观察,**下轨下方**,,数据不足,数据不足,0.88,,1.0077,0.977469,4
2025-11-14,P3,3305,观察中 (RSI未超卖),16.71%,-1.24%,39.07,观察,下轨附近,1.34,平稳,健康,0.94,1.26,4.451,4.317469999999999,2
2025-11-14,P3,9645,观察中 (RSI未超卖),15.02%,0.10%,43.25,观察,下轨附近,1.38,向上,健康,0.93,1.28,1.7682,1.7151539999999998,3
2025-11-14,P3,14194,观察中 (RSI未超卖),12.46%,1.68%,42.86,观察,轨道中间,1.3,向上,健康,1.03,1.35,1.2262,1.189414,3
2025-11-14,P3,14544,观察中 (RSI未超卖),12.02%,0.37%,39.21,观察,轨道中间,1.34,向上,健康,0.99,1.33,1.6349,1.585853,2
2025-11-14,P3,12551,观察中 (RSI未超卖),12.02%,0.75%,39.39,观察,轨道中间,1.3,向上,健康,1.0,1.3,1.214,1.1775799999999998,3
2025-11-14,P3,10524,观察中 (RSI未超卖),11.85%,-0.08%,39.96,观察,轨道中间,1.49,向上,健康,0.99,1.48,1.5134,1.467998,2
2025-11-14,P3,15895,观察中 (RSI未超卖),11.83%,1.21%,38.98,观察,轨道中间,1.3,向上,健康,0.99,1.3,1.5017,1.456649,3
2025-11-14,P3,15877,观察中 (RSI未超卖),11.82%,1.20%,39.45,观察,轨道中间,1.31,向上,健康,1.0,1.3,1.536,1.48992,3
2025-11-14,P3,8327,观察中 (RSI未超卖),11.82%,-0.39%,38.37,观察,轨道中间,1.52,向上,健康,0.99,1.5,2.3215,2.251855,2
2025-11-14,P3,15337,观察中 (RSI未超卖),11.81%,1.83%,38.08,观察,轨道中间,1.26,向上,健康,1.01,1.28,1.285,1.2464499999999998,3
2025-11-14,P3,12553,观察中 (RSI未超卖),11.78%,1.82%,38.13,观察,轨道中间,1.27,向上,健康,1.01,1.28,1.1128,1.079416,3
2025-11-14,P3,14777,观察中 (RSI未超卖),11.67%,1.82%,38.28,观察,轨道中间,1.27,向上,健康,1.01,1.28,1.2387,1.201539,3
2025-11-14,P3,12838,观察中 (RSI未超卖),11.64%,1.81%,36.92,观察,轨道中间,1.27,向上,健康,1.0,1.27,0.9432,0.914904,3
2025-11-14,P3,14130,观察中 (RSI未超卖),11.60%,0.56%,38.84,观察,轨道中间,1.25,向上,健康,0.98,1.22,1.6797,1.629309,2
2025-11-14,P3,8888,观察中 (RSI未超卖),11.58%,1.61%,37.51,观察,轨道中间,1.27,向上,健康,1.01,1.28,1.5105,1.465185,3
2025-11-14,P3,12630,观察中 (RSI未超卖),11.57%,1.63%,37.52,观察,轨道中间,1.27,向上,健康,1.01,1.27,1.0311,1.0001669999999998,3
2025-11-14,P3,1618,观察中 (RSI未超卖),11.51%,0.94%,39.22,观察,轨道中间,1.3,向上,健康,1.0,1.29,1.9057,1.848529,3
2025-11-14,P3,7301,观察中 (RSI未超卖),11.49%,1.73%,37.03,观察,轨道中间,1.26,向上,健康,1.0,1.26,2.7916,2.707852,3
2025-11-14,P3,10531,观察中 (RSI未超卖),11.49%,0.92%,37.11,观察,轨道中间,1.35,向上,健康,0.99,1.34,1.4965,1.4516049999999998,3
2025-11-14,P3,12970,观察中 (RSI未超卖),11.36%,1.58%,37.51,观察,轨道中间,1.27,向上,健康,1.01,1.28,1.0719,1.039743,3
2025-11-14,P3,14419,观察中 (RSI未超卖),11.25%,2.05%,37.97,观察,轨道中间,1.27,向上,健康,1.01,1.28,1.1403,1.1060910000000002,3
2025-11-14,P3,12040,观察中 (RSI未超卖),11.23%,1.08%,39.26,观察,轨道中间,1.26,向上,健康,0.99,1.26,1.3478,1.307366,3
2025-11-14,P3,14219,观察中 (RSI未超卖),11.19%,1.48%,45.89,观察,轨道中间,1.39,向上,健康,1.04,1.44,1.4301,1.3871969999999998,2
2025-11-14,P3,2974,观察中 (RSI未超卖),11.18%,0.98%,39.09,观察,轨道中间,1.25,向上,健康,0.99,1.24,1.5705,1.523385,3
2025-11-14,P3,15788,观察中 (RSI未超卖),11.17%,1.44%,36.83,观察,轨道中间,1.21,向上,健康,0.99,1.2,1.5102,1.464894,3
2025-11-14,P3,13811,观察中 (RSI未超卖),10.91%,1.37%,38.92,观察,轨道中间,1.26,向上,健康,1.0,1.26,0.9773,0.947981,3
2025-11-14,P3,14172,观察中 (RSI未超卖),10.91%,1.18%,39.27,观察,轨道中间,1.25,向上,健康,0.99,1.23,1.29,1.2513,3
2025-11-14,P3,11609,观察中 (RSI未超卖),10.84%,1.36%,38.84,观察,轨道中间,1.26,向上,健康,1.0,1.26,1.0709,1.038773,3
2025-11-14,P3,13122,观察中 (RSI未超卖),10.84%,0.67%,40.31,观察,轨道中间,1.26,向上,健康,0.99,1.25,1.1123,1.078931,3
2025-11-14,P3,11613,观察中 (RSI未超卖),10.84%,1.36%,38.89,观察,轨道中间,1.26,向上,健康,1.0,1.26,1.0987,1.065739,3
2025-11-14,P3,13894,观察中 (RSI未超卖),10.83%,1.35%,38.12,观察,轨道中间,1.25,向上,健康,1.0,1.25,1.2179,1.181363,3
2025-11-14,P3,14855,观察中 (RSI未超卖),10.63%,0.92%,41.21,观察,轨道中间,1.32,向上,健康,1.04,1.37,1.8995,1.842515,2
2025-11-14,P3,11611,观察中 (RSI未超卖),10.62%,1.34%,38.41,观察,轨道中间,1.25,向上,健康,1.01,1.26,1.0803,1.047891,3
2025-11-14,P3,15676,观察中 (RSI未超卖),10.47%,0.70%,40.0,观察,轨道中间,1.24,向上,健康,0.99,1.23,1.6396,1.590412,3
2025-11-14,P3,14173,观察中 (RSI未超卖),10.46%,0.65%,40.59,观察,轨道中间,1.25,向上,健康,0.99,1.24,1.232,1.19504,3
2025-11-14,P3,11833,观察中 (RSI未超卖),10.44%,0.82%,35.43,观察,轨道中间,1.34,向上,健康,0.99,1.32,1.4178,1.375266,2
2025-11-14,P3,13084,观察中 (RSI未超卖),10.37%,0.82%,40.56,观察,轨道中间,1.19,平稳,健康,0.99,1.18,1.199,1.16303,3
2025-11-14,P3,16123,观察中 (RSI未超卖),10.33%,1.34%,45.32,观察,轨道中间,1.37,向上,健康,1.03,1.41,1.3589,1.318133,2
2025-11-14,P3,12809,观察中 (RSI未超卖),10.27%,0.90%,42.06,观察,轨道中间,1.2,平稳,健康,0.99,1.19,1.1115,1.078155,1
2025-11-14,P3,12555,观察中 (RSI未超卖),10.23%,1.94%,48.49,观察,轨道中间,1.34,向上,健康,1.02,1.38,0.9972,0.967284,3
2025-11-14,P3,13299,观察中 (RSI未超卖),10.11%,1.39%,45.14,观察,轨道中间,1.37,向上,健康,1.03,1.41,1.0507,1.0191789999999998,3
2025-11-14,P3,7874,观察中 (RSI未超卖),10.07%,0.95%,37.15,观察,轨道中间,1.31,向上,健康,0.99,1.29,1.6296,1.580712,3
2025-11-14,P3,12908,观察中 (RSI未超卖),10.04%,1.38%,45.64,观察,轨道中间,1.37,向上,健康,1.03,1.41,1.0202,0.989594,3
2025-11-14,P3,13316,关注 (回撤 9.99%),9.99%,1.37%,45.58,观察,轨道中间,1.37,向上,健康,1.03,1.41,0.9957,0.965829,3
2025-11-14,P3,14985,关注 (回撤 9.98%),9.98%,2.36%,50.58,观察,轨道中间,1.34,向上,健康,1.04,1.4,1.7522,1.699634,3
2025-11-14,P3,13305,关注 (回撤 9.98%),9.98%,1.41%,45.59,观察,轨道中间,1.37,向上,健康,1.03,1.42,1.0743,1.042071,3
2025-11-14,P3,13318,关注 (回撤 9.95%),9.95%,1.39%,45.36,观察,轨道中间,1.37,向上,健康,1.03,1.41,1.0541,1.022477,3
2025-11-14,P3,160424,关注 (回撤 9.92%),9.92%,2.35%,50.61,观察,轨道中间,1.35,向上,健康,1.04,1.4,2.4435,2.370195,3
2025-11-14,P3,13303,关注 (回撤 9.92%),9.92%,1.38%,45.87,观察,轨道中间,1.36,向上,健康,1.03,1.41,1.1063,1.073111,3
2025-11-14,P3,14662,关注 (回撤 9.85%),9.85%,1.58%,58.44,观察,轨道中间,1.18,向上,健康,1.08,1.28,2.1408,2.076576,1
2025-11-14,P3,12899,关注 (回撤 9.75%),9.75%,1.39%,45.72,观察,轨道中间,1.36,向上,健康,1.03,1.41,1.0203,0.989691,3
2025-11-14,P3,8987,关注 (回撤 9.72%),9.72%,1.55%,58.14,观察,轨道中间,1.18,向上,健康,1.08,1.28,2.0234,1.962698,1
2025-11-14,P3,1593,关注 (回撤 9.58%),9.58%,2.43%,52.63,观察,轨道中间,1.3,向上,健康,1.04,1.35,1.269,1.23093,3
2025-11-14,P3,13277,关注 (回撤 9.52%),9.52%,2.40%,52.38,观察,轨道中间,1.3,向上,健康,1.04,1.35,1.148,1.11356,3
2025-11-14,P3,15673,关注 (回撤 9.49%),9.49%,2.41%,52.33,观察,轨道中间,1.3,向上,健康,1.03,1.34,1.4279,1.385063,3
2025-11-14,P3,7665,关注 (回撤 9.45%),9.45%,2.42%,52.55,观察,轨道中间,1.3,向上,健康,1.04,1.35,1.7593,1.706521,3
2025-11-14,P3,15600,关注 (回撤 9.45%),9.45%,2.41%,52.52,观察,轨道中间,1.31,向上,健康,1.04,1.35,1.767,1.71399,3
2025-11-14,P3,4744,关注 (回撤 9.42%),9.42%,2.42%,52.55,观察,轨道中间,1.3,向上,健康,1.04,1.35,3.1942,3.098374,3
2025-11-14,P3,6910,关注 (回撤 9.28%),9.28%,0.78%,40.5,观察,轨道中间,1.32,向上,健康,1.0,1.32,1.9901,1.930397,2
2025-11-14,P3,11036,关注 (回撤 9.16%),9.16%,2.11%,45.61,观察,轨道中间,1.36,向上,健康,1.01,1.36,1.2299,1.193003,3
2025-11-14,P3,11317,关注 (回撤 9.00%),9.00%,2.24%,54.02,观察,轨道中间,1.26,向上,健康,1.03,1.29,1.1201,1.086497,3
2025-11-14,P3,10356,关注 (回撤 8.99%),8.99%,2.37%,52.09,观察,轨道中间,1.3,向上,健康,1.03,1.34,2.1866,2.121002,3
2025-11-14,P3,8400,关注 (回撤 8.93%),8.93%,1.33%,47.06,观察,轨道中间,1.28,向上,健康,1.02,1.31,1.9418,1.883546,3
2025-11-14,P3,15795,关注 (回撤 8.67%),8.67%,1.75%,50.53,观察,轨道中间,1.32,向上,健康,1.02,1.35,1.2461,1.208717,3
2025-11-14,P3,12718,关注 (回撤 8.61%),8.61%,1.42%,39.9,观察,轨道中间,1.26,向上,健康,1.0,1.26,1.0766,1.044302,3
2025-11-14,P3,14332,关注 (回撤 8.61%),8.61%,2.09%,45.55,观察,轨道中间,1.35,向上,健康,1.01,1.36,1.1794,1.144018,3
2025-11-14,P3,7984,关注 (回撤 8.25%),8.25%,1.03%,38.32,观察,轨道中间,1.22,向上,健康,0.99,1.21,1.8535,1.7978949999999998,3
2025-11-14,P3,4433,关注 (回撤 7.99%),7.99%,3.91%,59.49,观察,上轨附近,1.33,向上,健康,1.1,1.47,1.7355,1.683435,1
2025-11-14,P3,10063,关注 (回撤 7.96%),7.96%,2.57%,64.27,观察,上轨附近,1.22,向上,健康,1.09,1.33,0.9259,0.8981229999999999,2
2025-11-14,P3,12901,关注 (回撤 7.91%),7.91%,1.69%,47.78,观察,轨道中间,1.31,向上,健康,1.02,1.33,0.877,0.85069,3
2025-11-14,P3,5627,关注 (回撤 7.89%),7.89%,1.54%,46.44,观察,轨道中间,1.24,向上,健康,1.01,1.26,2.3431,2.272807,3
2025-11-14,P3,13081,关注 (回撤 7.83%),7.83%,3.87%,58.61,观察,上轨附近,1.35,向上,健康,1.1,1.49,2.6634,2.583498,2
2025-11-14,P3,11372,关注 (回撤 7.74%),7.74%,-0.65%,55.61,观察,轨道中间,1.2,平稳,健康,0.99,1.19,0.706,0.68482,2
2025-11-14,P3,13278,关注 (回撤 7.56%),7.56%,0.77%,46.28,观察,轨道中间,1.19,平稳,健康,0.99,1.18,1.171,1.13587,2
2025-11-14,P3,5727,关注 (回撤 7.24%),7.24%,1.79%,58.49,金叉,轨道中间,1.15,平稳,健康,1.02,1.17,1.2885,1.249845,2
2025-11-14,P3,501037,关注 (回撤 7.14%),7.14%,1.35%,54.79,观察,轨道中间,1.17,向上,健康,1.02,1.19,1.3692,1.328124,2
2025-11-14,P3,15596,关注 (回撤 7.03%),7.03%,3.82%,59.21,观察,上轨附近,1.34,向上,健康,1.1,1.48,2.1602,2.095394,1
2025-11-14,P3,11965,关注 (回撤 6.90%),6.90%,1.46%,55.1,观察,轨道中间,1.17,向上,健康,1.02,1.19,1.1626,1.127722,2
2025-11-14,P3,7413,关注 (回撤 6.88%),6.88%,1.59%,58.92,观察,轨道中间,1.21,向上,健康,1.03,1.24,1.7665,1.7135049999999998,2
2025-11-14,P3,70039,关注 (回撤 6.82%),6.82%,1.46%,55.16,观察,轨道中间,1.17,向上,健康,1.02,1.19,1.6547,1.605059,2
2025-11-14,P3,4348,关注 (回撤 6.78%),6.78%,1.47%,55.2,观察,轨道中间,1.17,向上,健康,1.02,1.19,2.0013,1.941261,2
2025-11-14,P3,6382,关注 (回撤 6.72%),6.72%,1.46%,55.24,观察,轨道中间,1.17,向上,健康,1.02,1.19,0.8563,0.8306109999999999,2
2025-11-14,P3,7029,关注 (回撤 6.71%),6.71%,1.45%,55.51,观察,轨道中间,1.17,向上,健康,1.02,1.19,1.7227,1.6710189999999998,2
2025-11-14,P3,5919,关注 (回撤 6.70%),6.70%,1.46%,55.55,观察,轨道中间,1.17,向上,健康,1.02,1.19,1.4492,1.405724,2
2025-11-14,P3,6938,关注 (回撤 6.69%),6.69%,1.46%,55.43,观察,轨道中间,1.17,向上,健康,1.02,1.2,2.2308,2.163876,2
2025-11-14,P3,7223,关注 (回撤 6.67%),6.67%,1.46%,56.36,观察,轨道中间,1.17,向上,健康,1.02,1.2,1.3858,1.344226,2
2025-11-14,P3,8001,关注 (回撤 6.64%),6.64%,1.43%,55.5,观察,轨道中间,1.17,向上,健康,1.02,1.19,1.4416,1.398352,2
2025-11-14,P3,6215,关注 (回撤 6.49%),6.49%,1.44%,55.33,观察,轨道中间,1.17,向上,健康,1.02,1.2,1.3962,1.354314,2
2025-11-14,P3,7794,关注 (回撤 6.38%),6.38%,1.20%,49.81,观察,轨道中间,1.17,向上,健康,1.01,1.19,1.9466,1.888202,2
2025-11-14,P3,15454,关注 (回撤 6.37%),6.37%,1.63%,58.81,观察,轨道中间,1.2,向上,健康,1.04,1.25,1.3548,1.314156,2
2025-11-14,P3,14345,关注 (回撤 6.34%),6.34%,1.27%,50.18,观察,轨道中间,1.22,向上,健康,1.02,1.25,1.4161,1.373617,3
2025-11-14,P3,5795,关注 (回撤 6.06%),6.06%,1.09%,48.7,观察,轨道中间,1.19,平稳,健康,1.01,1.2,1.6321,1.583137,2
2025-11-15,P1A,10524,🌟 P1-极值超卖 (RSI<=29),13.60%,-3.32%,22.72,观察,下轨附近,1.48,向上,健康,0.96,1.43,1.4631,1.419207,2
2025-11-15,P1A,8327,🌟 P1-极值超卖 (RSI<=29),13.36%,-3.26%,20.69,观察,下轨附近,1.51,向上,健康,0.96,1.44,2.2458,2.178426,2
2025-11-15,P1A,7301,🌟 P1-极值超卖 (RSI<=29),12.81%,-3.16%,24.95,观察,下轨附近,1.26,向上,健康,0.97,1.22,2.7034,2.622298,2
2025-11-15,P1A,12838,🌟 P1-极值超卖 (RSI<=29),12.74%,-3.19%,24.81,观察,下轨附近,1.26,向上,健康,0.97,1.23,0.9131,0.885707,2
2025-11-15,P1A,15788,🌟 P1-极值超卖 (RSI<=29),12.65%,-3.06%,25.68,观察,下轨附近,1.21,向上,健康,0.96,1.16,1.464,1.42008,2
2025-11-15,P1A,15337,🌟 P1-极值超卖 (RSI<=29),12.58%,-3.46%,24.93,观察,下轨附近,1.26,向上,健康,0.97,1.23,1.2405,1.203285,2
2025-11-15,P1A,12630,🌟 P1-极值超卖 (RSI<=29),12.56%,-3.50%,24.38,观察,下轨附近,1.27,向上,健康,0.97,1.23,0.995,0.96515,2
2025-11-15,P1A,12553,🌟 P1-极值超卖 (RSI<=29),12.53%,-3.48%,24.97,观察,下轨附近,1.27,向上,健康,0.97,1.23,1.0741,1.041877,2
2025-11-15,P1A,8888,🌟 P1-极值超卖 (RSI<=29),12.47%,-3.42%,24.47,观察,下轨附近,1.27,向上,健康,0.97,1.24,1.4588,1.415036,2
2025-11-15,P1A,14194,🌟 P1-极值超卖 (RSI<=29),12.46%,-3.49%,26.92,观察,轨道中间,1.3,向上,健康,1.0,1.3,1.1834,1.147898,2
2025-11-15,P1A,10531,🌟 P1-极值超卖 (RSI<=29),12.36%,-3.27%,23.84,观察,下轨附近,1.35,向上,健康,0.96,1.29,1.4476,1.404172,2
2025-11-15,P1A,14777,🌟 P1-极值超卖 (RSI<=29),12.32%,-3.47%,25.09,观察,下轨附近,1.26,向上,健康,0.97,1.23,1.1957,1.159829,2
2025-11-15,P1A,12970,🌟 P1-极值超卖 (RSI<=29),12.25%,-3.40%,24.52,观察,下轨附近,1.27,向上,健康,0.97,1.23,1.0355,1.004435,2
2025-11-15,P1A,15895,🌟 P1-极值超卖 (RSI<=29),12.18%,-3.46%,26.2,观察,下轨附近,1.3,向上,健康,0.96,1.25,1.4498,1.4063059999999998,2
2025-11-15,P1A,12551,🌟 P1-极值超卖 (RSI<=29),12.02%,-3.28%,24.88,观察,下轨附近,1.3,向上,健康,0.96,1.25,1.1742,1.138974,2
2025-11-15,P1A,14419,🌟 P1-极值超卖 (RSI<=29),11.98%,-3.18%,25.67,观察,下轨附近,1.27,向上,健康,0.97,1.24,1.104,1.07088,2
2025-11-15,P1A,15877,🌟 P1-极值超卖 (RSI<=29),11.97%,-3.39%,26.33,观察,下轨附近,1.31,向上,健康,0.96,1.26,1.484,1.43948,2
2025-11-15,P1A,1618,🌟 P1-极值超卖 (RSI<=29),11.65%,-3.12%,24.96,观察,下轨附近,1.3,向上,健康,0.97,1.25,1.8462,1.790814,2
2025-11-15,P1A,12040,🌟 P1-极值超卖 (RSI<=29),11.61%,-3.03%,25.4,观察,下轨附近,1.26,向上,健康,0.96,1.22,1.307,1.26779,2
2025-11-15,P1A,11840,🌟 P1-极值超卖 (RSI<=29),10.90%,-3.08%,21.99,观察,下轨附近,1.35,向上,健康,0.95,1.29,1.4153,1.372841,1
2025-11-15,P1A,9239,🌟 P1-极值超卖 (RSI<=29),10.89%,-3.07%,22.08,观察,下轨附近,1.35,向上,健康,0.95,1.29,2.155,2.09035,1
2025-11-15,P1A,12734,🌟 P1-极值超卖 (RSI<=29),10.85%,-3.08%,22.1,观察,下轨附近,1.35,向上,健康,0.95,1.29,1.6161,1.567617,1
2025-11-15,P1A,11833,🌟 P1-极值超卖 (RSI<=29),10.47%,-3.03%,22.54,观察,下轨附近,1.33,向上,健康,0.96,1.28,1.3748,1.333556,1
2025-11-15,P1A,14544,🌟 P1-极值超卖 (RSI<=29),10.45%,-3.13%,23.54,观察,下轨附近,1.34,向上,健康,0.96,1.29,1.5838,1.536286,1
2025-11-15,P1B,13292,🌟 P1-极值超卖 (RSI<=29),13.96%,-1.44%,22.31,观察,下轨附近,1.15,向上,健康,0.94,1.08,1.984,1.92448,2
2025-11-15,P1B,10956,🌟 P1-极值超卖 (RSI<=29),13.92%,-1.49%,22.55,观察,下轨附近,1.15,向上,健康,0.94,1.08,1.0659,1.033923,2
2025-11-15,P1B,7816,🌟 P1-极值超卖 (RSI<=29),11.89%,-2.18%,18.83,观察,下轨附近,1.28,向上,健康,0.94,1.2,1.4473,1.403881,2
2025-11-15,P1B,14172,🌟 P1-极值超卖 (RSI<=29),11.75%,-2.17%,26.75,观察,下轨附近,1.25,向上,健康,0.96,1.2,1.262,1.22414,2
2025-11-15,P1B,2974,🌟 P1-极值超卖 (RSI<=29),11.55%,-2.92%,24.89,观察,下轨附近,1.25,向上,健康,0.96,1.2,1.5247,1.478959,2
2025-11-15,P1B,13894,🌟 P1-极值超卖 (RSI<=29),11.39%,-2.57%,28.1,观察,下轨附近,1.25,向上,健康,0.97,1.22,1.1866,1.151002,2
2025-11-15,P1B,13122,🌟 P1-极值超卖 (RSI<=29),10.84%,-2.90%,23.83,观察,下轨附近,1.25,向上,健康,0.96,1.21,1.08,1.0476,2
2025-11-15,P1B,7874,🌟 P1-极值超卖 (RSI<=29),10.83%,-2.96%,21.53,观察,下轨附近,1.3,向上,健康,0.96,1.25,1.5813,1.533861,2
2025-11-15,P1B,11611,🌟 P1-极值超卖 (RSI<=29),10.77%,-2.59%,28.94,观察,下轨附近,1.25,向上,健康,0.98,1.22,1.0523,1.020731,2
2025-11-15,P1B,14855,🌟 P1-极值超卖 (RSI<=29),10.63%,-2.91%,27.13,观察,下轨附近,1.32,向上,健康,1.01,1.33,1.8443,1.788971,2
2025-11-15,P1B,15676,🌟 P1-极值超卖 (RSI<=29),10.47%,-2.48%,25.32,观察,下轨附近,1.24,向上,健康,0.96,1.19,1.5989,1.550933,2
2025-11-15,P1B,14173,🌟 P1-极值超卖 (RSI<=29),10.46%,-2.44%,26.11,观察,下轨附近,1.25,向上,健康,0.96,1.21,1.202,1.16594,2
2025-11-15,P1B,13084,🌟 P1-极值超卖 (RSI<=29),10.37%,-1.78%,28.31,观察,下轨附近,1.19,平稳,健康,0.97,1.16,1.1777,1.142369,2
2025-11-15,P1B,12809,🌟 P1-极值超卖 (RSI<=29),10.27%,-2.38%,27.97,观察,下轨附近,1.2,平稳,健康,0.97,1.16,1.085,1.05245,1
2025-11-15,P1B,14130,关注 (回撤 9.89%),9.89%,-2.74%,25.29,观察,下轨附近,1.25,向上,健康,0.95,1.19,1.6336,1.584592,1
2025-11-15,P1B,6910,关注 (回撤 9.67%),9.67%,-2.46%,27.75,观察,下轨附近,1.32,向上,健康,0.97,1.28,1.9411,1.882867,1
2025-11-15,P1B,12718,关注 (回撤 8.61%),8.61%,-2.81%,27.16,观察,下轨附近,1.26,向上,健康,0.98,1.23,1.0463,1.014911,2
2025-11-15,P1B,7984,关注 (回撤 8.42%),8.42%,-2.15%,26.96,观察,下轨附近,1.22,向上,健康,0.97,1.19,1.8136,1.759192,2
2025-11-15,P2,13811,🔥 P2-强力超卖 (RSI<=35),11.02%,-2.61%,29.36,观察,下轨附近,1.26,向上,健康,0.98,1.23,0.9518,0.923246,2
2025-11-15,P2,11609,🔥 P2-强力超卖 (RSI<=35),10.99%,-2.58%,29.31,观察,下轨附近,1.26,向上,健康,0.98,1.23,1.0433,1.012001,2
2025-11-15,P2,11613,🔥 P2-强力超卖 (RSI<=35),10.90%,-2.57%,29.35,观察,下轨附近,1.25,向上,健康,0.98,1.23,1.0705,1.038385,2
2025-11-15,P2,14219,🔥 P2-强力超卖 (RSI<=35),10.73%,-3.65%,34.06,观察,轨道中间,1.39,向上,健康,1.0,1.39,1.3779,1.336563,1
2025-11-15,P2,16123,🔥 P2-强力超卖 (RSI<=35),10.33%,-3.09%,34.27,观察,轨道中间,1.37,向上,健康,1.0,1.37,1.3169,1.277393,1
2025-11-15,P2,13299,🔥 P2-强力超卖 (RSI<=35),10.11%,-3.12%,33.56,观察,轨道中间,1.37,向上,健康,1.0,1.36,1.0179,0.987363,2
2025-11-15,P2,12908,🔥 P2-强力超卖 (RSI<=35),10.04%,-3.10%,33.97,观察,轨道中间,1.37,向上,健康,1.0,1.37,0.9886,0.958942,2
2025-11-15,P2,13316,关注 (回撤 9.99%),9.99%,-3.10%,33.86,观察,轨道中间,1.37,向上,健康,1.0,1.36,0.9648,0.935856,2
2025-11-15,P2,13305,关注 (回撤 9.98%),9.98%,-3.11%,33.99,观察,轨道中间,1.37,向上,健康,1.0,1.37,1.0409,1.0096729999999998,2
2025-11-15,P2,13318,关注 (回撤 9.95%),9.95%,-3.07%,33.82,观察,轨道中间,1.36,向上,健康,1.0,1.36,1.0217,0.991049,2
2025-11-15,P2,13303,关注 (回撤 9.92%),9.92%,-3.12%,34.1,观察,轨道中间,1.36,向上,健康,1.0,1.36,1.0718,1.039646,2
2025-11-15,P2,12899,关注 (回撤 9.75%),9.75%,-3.08%,34.09,观察,轨道中间,1.36,向上,健康,1.0,1.36,0.9889,0.959233,2
2025-11-15,P2,11036,关注 (回撤 9.16%),9.16%,-1.37%,34.85,观察,下轨附近,1.35,平稳,健康,0.99,1.34,1.2131,1.176707,2
2025-11-15,P2,14332,关注 (回撤 8.61%),8.61%,-1.35%,34.83,观察,下轨附近,1.35,向上,健康,0.99,1.34,1.1635,1.128595,2
2025-11-15,P3,23567,观察中 (RSI未超卖),20.52%,-1.93%,36.85,观察,**下轨下方**,,数据不足,数据不足,0.88,,1.0077,0.977469,4
2025-11-15,P3,3305,观察中 (RSI未超卖),16.71%,-1.24%,39.07,观察,下轨附近,1.34,平稳,健康,0.94,1.26,4.451,4.317469999999999,2
2025-11-15,P3,9645,观察中 (RSI未超卖),15.02%,0.10%,43.25,观察,下轨附近,1.38,向上,健康,0.93,1.28,1.7682,1.7151539999999998,3
2025-11-15,P3,12555,观察中 (RSI未超卖),10.23%,-2.82%,37.74,观察,轨道中间,1.34,向上,健康,0.99,1.34,0.9691,0.940027,2
2025-11-15,P3,14985,关注 (回撤 9.98%),9.98%,-2.83%,39.99,观察,轨道中间,1.34,向上,健康,1.01,1.35,1.7027,1.651619,2
2025-11-15,P3,160424,关注 (回撤 9.92%),9.92%,-2.81%,40.06,观察,轨道中间,1.35,向上,健康,1.01,1.36,2.3748,2.303556,2
2025-11-15,P3,14662,关注 (回撤 9.85%),9.85%,-0.76%,57.19,观察,轨道中间,1.18,向上,健康,1.07,1.27,2.1245,2.060765,1
2025-11-15,P3,8987,关注 (回撤 9.72%),9.72%,-0.75%,57.02,观察,轨道中间,1.18,向上,健康,1.07,1.27,2.0083,1.948051,1
2025-11-15,P3,1593,关注 (回撤 9.58%),9.58%,-2.71%,41.07,观察,轨道中间,1.3,向上,健康,1.01,1.31,1.2346,1.1975619999999998,2
2025-11-15,P3,13277,关注 (回撤 9.52%),9.52%,-2.67%,40.88,观察,轨道中间,1.3,向上,健康,1.01,1.31,1.1174,1.083878,2
2025-11-15,P3,15673,关注 (回撤 9.49%),9.49%,-2.69%,40.81,观察,轨道中间,1.3,向上,健康,1.01,1.31,1.3895,1.347815,2
2025-11-15,P3,7665,关注 (回撤 9.45%),9.45%,-2.69%,41.0,观察,轨道中间,1.31,向上,健康,1.01,1.32,1.712,1.66064,2
2025-11-15,P3,15600,关注 (回撤 9.45%),9.45%,-2.69%,40.99,观察,轨道中间,1.31,向上,健康,1.01,1.32,1.7195,1.667915,2
2025-11-15,P3,4744,关注 (回撤 9.42%),9.42%,-2.68%,41.04,观察,轨道中间,1.3,向上,健康,1.01,1.31,3.1086,3.015342,2
2025-11-15,P3,11317,关注 (回撤 9.00%),9.00%,-2.51%,41.75,观察,轨道中间,1.26,向上,健康,1.0,1.26,1.092,1.05924,2
2025-11-15,P3,10356,关注 (回撤 8.99%),8.99%,-2.87%,40.99,观察,轨道中间,1.3,向上,健康,1.0,1.3,2.1238,2.060086,2
2025-11-15,P3,8400,关注 (回撤 8.93%),8.93%,-2.13%,37.3,观察,轨道中间,1.28,向上,健康,1.0,1.28,1.9004,1.843388,2
2025-11-15,P3,15795,关注 (回撤 8.67%),8.67%,-2.79%,38.62,观察,轨道中间,1.32,向上,健康,0.99,1.31,1.2113,1.174961,2
2025-11-15,P3,4433,关注 (回撤 7.99%),7.99%,-1.98%,51.5,观察,轨道中间,1.33,向上,健康,1.08,1.43,1.7012,1.650164,1
2025-11-15,P3,10063,关注 (回撤 7.96%),7.96%,-2.21%,53.09,观察,轨道中间,1.22,向上,健康,1.06,1.3,0.9054,0.878238,1
2025-11-15,P3,12901,关注 (回撤 7.91%),7.91%,-2.39%,37.58,观察,轨道中间,1.3,向上,健康,0.99,1.3,0.856,0.83032,2
2025-11-15,P3,5627,关注 (回撤 7.89%),7.89%,-1.69%,35.72,观察,轨道中间,1.24,向上,健康,1.0,1.24,2.3035,2.234395,2
2025-11-15,P3,13081,关注 (回撤 7.83%),7.83%,-2.10%,50.12,观察,轨道中间,1.35,向上,健康,1.08,1.45,2.6074,2.529178,2
2025-11-15,P3,11372,关注 (回撤 7.74%),7.74%,-0.65%,55.61,观察,轨道中间,1.2,平稳,健康,0.99,1.19,0.706,0.68482,2
2025-11-15,P3,5727,关注 (回撤 7.24%),7.24%,-1.58%,46.78,死叉,轨道中间,1.15,平稳,健康,1.0,1.15,1.2682,1.230154,2
2025-11-15,P3,501037,关注 (回撤 7.14%),7.14%,-1.47%,42.19,观察,轨道中间,1.17,向上,健康,1.0,1.17,1.3491,1.308627,2
2025-11-15,P3,15596,关注 (回撤 7.03%),7.03%,-2.00%,51.09,观察,轨道中间,1.35,向上,健康,1.08,1.45,2.1171,2.0535870000000003,1
2025-11-15,P3,11965,关注 (回撤 6.90%),6.90%,-1.51%,42.52,观察,轨道中间,1.17,向上,健康,1.0,1.17,1.1451,1.110747,2
2025-11-15,P3,7413,关注 (回撤 6.88%),6.88%,-1.29%,47.91,观察,轨道中间,1.21,平稳,健康,1.02,1.23,1.7438,1.691486,2
2025-11-15,P3,70039,关注 (回撤 6.82%),6.82%,-1.52%,42.55,观察,轨道中间,1.17,向上,健康,1.0,1.17,1.6295,1.580615,2
2025-11-15,P3,4348,关注 (回撤 6.78%),6.78%,-1.53%,42.55,观察,轨道中间,1.17,向上,健康,1.0,1.17,1.9706,1.911482,2
2025-11-15,P3,6382,关注 (回撤 6.72%),6.72%,-1.52%,42.64,观察,轨道中间,1.17,向上,健康,1.0,1.17,0.8433,0.818001,2
2025-11-15,P3,7029,关注 (回撤 6.71%),6.71%,-1.52%,42.84,观察,轨道中间,1.17,向上,健康,1.01,1.18,1.6966,1.645702,2
2025-11-15,P3,5919,关注 (回撤 6.70%),6.70%,-1.53%,42.85,观察,轨道中间,1.17,向上,健康,1.01,1.17,1.427,1.38419,2
2025-11-15,P3,6938,关注 (回撤 6.69%),6.69%,-1.55%,42.72,观察,轨道中间,1.17,向上,健康,1.0,1.18,2.1962,2.1303140000000003,2
2025-11-15,P3,7223,关注 (回撤 6.67%),6.67%,-1.49%,43.67,观察,轨道中间,1.17,向上,健康,1.01,1.18,1.3652,1.324244,2
2025-11-15,P3,8001,关注 (回撤 6.64%),6.64%,-1.48%,42.91,观察,轨道中间,1.17,向上,健康,1.01,1.18,1.4202,1.3775939999999998,2
2025-11-15,P3,6215,关注 (回撤 6.49%),6.49%,-1.55%,42.47,观察,轨道中间,1.17,向上,健康,1.01,1.18,1.3746,1.333362,2
2025-11-15,P3,7794,关注 (回撤 6.38%),6.38%,-1.33%,39.3,观察,轨道中间,1.17,平稳,健康,1.0,1.17,1.9207,1.863079,2
2025-11-15,P3,15454,关注 (回撤 6.37%),6.37%,-1.47%,46.19,观察,轨道中间,1.2,向上,健康,1.02,1.23,1.3349,1.294853,2
2025-11-15,P3,14345,关注 (回撤 6.34%),6.34%,-1.52%,38.27,观察,轨道中间,1.22,向上,健康,1.0,1.23,1.3946,1.352762,2
2025-11-15,P3,5795,关注 (回撤 6.06%),6.06%,-1.45%,37.47,观察,轨道中间,1.19,平稳,健康,0.99,1.18,1.6085,1.560245,2
2025-11-17,P1A,7301,🌟 P1-极值超卖 (RSI<=29),12.81%,-3.16%,24.95,观察,下轨附近,1.26,向上,健康,0.97,1.22,2.7034,2.622298,2
2025-11-17,P1B,13292,🌟 P1-极值超卖 (RSI<=29),13.96%,0.10%,23.48,观察,下轨附近,1.14,平稳,健康,0.95,1.08,1.986,1.92642,1
2025-11-17,P1B,10956,🌟 P1-极值超卖 (RSI<=29),13.92%,0.12%,23.86,观察,下轨附近,1.15,平稳,健康,0.95,1.08,1.0672,1.035184,1
2025-11-17,P1B,10524,🌟 P1-极值超卖 (RSI<=29),13.60%,0.84%,23.89,观察,下轨附近,1.48,向上,健康,0.97,1.44,1.4754,1.431138,2
2025-11-17,P1B,8327,🌟 P1-极值超卖 (RSI<=29),13.36%,0.92%,22.26,观察,下轨附近,1.51,向上,健康,0.96,1.45,2.2664,2.198408,2
2025-11-17,P1B,12630,🌟 P1-极值超卖 (RSI<=29),13.09%,-0.60%,24.66,观察,下轨附近,1.27,向上,健康,0.96,1.22,0.989,0.95933,2
2025-11-17,P1B,8888,🌟 P1-极值超卖 (RSI<=29),12.99%,-0.60%,24.76,观察,下轨附近,1.27,向上,健康,0.97,1.23,1.4501,1.406597,2
2025-11-17,P1B,15788,🌟 P1-极值超卖 (RSI<=29),12.88%,-0.26%,25.95,观察,下轨附近,1.21,向上,健康,0.95,1.15,1.4602,1.416394,2
2025-11-17,P1B,12838,🌟 P1-极值超卖 (RSI<=29),12.87%,-0.15%,25.58,观察,下轨附近,1.26,向上,健康,0.97,1.22,0.9117,0.8843489999999999,2
2025-11-17,P1B,12970,🌟 P1-极值超卖 (RSI<=29),12.77%,-0.59%,24.78,观察,下轨附近,1.27,向上,健康,0.97,1.23,1.0294,0.998518,2
2025-11-17,P1B,15337,🌟 P1-极值超卖 (RSI<=29),12.75%,-0.19%,25.74,观察,下轨附近,1.26,向上,健康,0.97,1.23,1.2381,1.200957,2
2025-11-17,P1B,12553,🌟 P1-极值超卖 (RSI<=29),12.69%,-0.19%,25.73,观察,下轨附近,1.27,向上,健康,0.97,1.23,1.0721,1.039937,2
2025-11-17,P1B,7816,🌟 P1-极值超卖 (RSI<=29),12.52%,-0.71%,18.31,观察,下轨附近,1.27,平稳,健康,0.93,1.19,1.437,1.39389,2
2025-11-17,P1B,14777,🌟 P1-极值超卖 (RSI<=29),12.48%,-0.18%,25.85,观察,下轨附近,1.26,向上,健康,0.97,1.23,1.1935,1.157695,2
2025-11-17,P1B,14194,🌟 P1-极值超卖 (RSI<=29),12.46%,-0.37%,27.59,观察,下轨附近,1.3,向上,健康,0.99,1.29,1.179,1.14363,2
2025-11-17,P1B,10531,🌟 P1-极值超卖 (RSI<=29),12.36%,0.10%,24.72,观察,下轨附近,1.34,向上,健康,0.96,1.29,1.449,1.40553,1
2025-11-17,P1B,12551,🌟 P1-极值超卖 (RSI<=29),12.29%,-0.32%,25.19,观察,下轨附近,1.3,向上,健康,0.96,1.25,1.1704,1.135288,2
2025-11-17,P1B,15895,🌟 P1-极值超卖 (RSI<=29),12.22%,-0.06%,26.46,观察,下轨附近,1.3,向上,健康,0.96,1.25,1.449,1.40553,2
2025-11-17,P1B,14419,🌟 P1-极值超卖 (RSI<=29),12.16%,-0.20%,26.59,观察,下轨附近,1.27,向上,健康,0.97,1.23,1.1018,1.068746,2
2025-11-17,P1B,15877,🌟 P1-极值超卖 (RSI<=29),12.01%,-0.05%,26.43,观察,下轨附近,1.31,向上,健康,0.96,1.25,1.4832,1.438704,2
2025-11-17,P1B,14172,🌟 P1-极值超卖 (RSI<=29),11.75%,0.24%,27.87,观察,下轨附近,1.25,向上,健康,0.97,1.21,1.265,1.22705,1
2025-11-17,P1B,1618,🌟 P1-极值超卖 (RSI<=29),11.73%,-0.09%,25.45,观察,下轨附近,1.29,向上,健康,0.97,1.25,1.8445,1.789165,2
2025-11-17,P1B,12040,🌟 P1-极值超卖 (RSI<=29),11.61%,0.21%,26.29,观察,下轨附近,1.26,向上,健康,0.97,1.22,1.3097,1.270409,1
2025-11-17,P1B,2974,🌟 P1-极值超卖 (RSI<=29),11.55%,0.19%,25.87,观察,下轨附近,1.25,向上,健康,0.96,1.21,1.5276,1.481772,1
2025-11-17,P1B,13894,🌟 P1-极值超卖 (RSI<=29),11.39%,-2.57%,28.1,观察,下轨附近,1.25,向上,健康,0.97,1.22,1.1866,1.151002,2
2025-11-17,P1B,11840,🌟 P1-极值超卖 (RSI<=29),10.90%,0.94%,25.54,观察,下轨附近,1.35,向上,健康,0.96,1.3,1.4286,1.385742,1
2025-11-17,P1B,9239,🌟 P1-极值超卖 (RSI<=29),10.89%,0.92%,25.45,观察,下轨附近,1.35,向上,健康,0.96,1.3,2.1749,2.109653,1
2025-11-17,P1B,12734,🌟 P1-极值超卖 (RSI<=29),10.85%,0.95%,25.68,观察,下轨附近,1.34,向上,健康,0.96,1.3,1.6314,1.582458,1
2025-11-17,P1B,13122,🌟 P1-极值超卖 (RSI<=29),10.84%,0.05%,24.48,观察,下轨附近,1.25,向上,健康,0.96,1.21,1.0805,1.048085,1
2025-11-17,P1B,7874,🌟 P1-极值超卖 (RSI<=29),10.83%,0.04%,22.17,观察,下轨附近,1.3,向上,健康,0.96,1.25,1.582,1.53454,1
2025-11-17,P1B,14855,🌟 P1-极值超卖 (RSI<=29),10.63%,-1.08%,26.48,观察,下轨附近,1.32,向上,健康,1.0,1.31,1.8243,1.769571,2
2025-11-17,P1B,11833,🌟 P1-极值超卖 (RSI<=29),10.47%,0.71%,25.44,观察,下轨附近,1.33,向上,健康,0.97,1.28,1.3846,1.343062,1
2025-11-17,P1B,15676,🌟 P1-极值超卖 (RSI<=29),10.47%,0.34%,26.91,观察,下轨附近,1.24,向上,健康,0.96,1.2,1.6043,1.556171,1
2025-11-17,P1B,14173,🌟 P1-极值超卖 (RSI<=29),10.46%,0.33%,27.18,观察,下轨附近,1.25,向上,健康,0.97,1.21,1.206,1.16982,1
2025-11-17,P1B,14544,🌟 P1-极值超卖 (RSI<=29),10.45%,1.56%,28.05,观察,下轨附近,1.34,向上,健康,0.98,1.31,1.6085,1.560245,1
2025-11-17,P1B,12809,🌟 P1-极值超卖 (RSI<=29),10.27%,-0.30%,28.97,观察,下轨附近,1.2,平稳,健康,0.96,1.15,1.0817,1.049249,2
2025-11-17,P1B,6910,关注 (回撤 9.91%),9.91%,-0.26%,28.13,观察,下轨附近,1.32,向上,健康,0.97,1.28,1.936,1.87792,2
2025-11-17,P1B,7984,关注 (回撤 8.69%),8.69%,-0.29%,27.35,观察,下轨附近,1.22,向上,健康,0.97,1.18,1.8083,1.754051,2
2025-11-17,P1B,12718,关注 (回撤 8.61%),8.61%,-0.15%,27.41,观察,下轨附近,1.26,向上,健康,0.97,1.22,1.0447,1.013359,2
2025-11-17,P2,13811,🔥 P2-强力超卖 (RSI<=35),11.47%,-0.50%,29.88,观察,下轨附近,1.26,向上,健康,0.97,1.22,0.947,0.91859,2
2025-11-17,P2,11609,🔥 P2-强力超卖 (RSI<=35),11.44%,-0.51%,29.8,观察,下轨附近,1.26,向上,健康,0.97,1.22,1.038,1.00686,2
2025-11-17,P2,11613,🔥 P2-强力超卖 (RSI<=35),11.34%,-0.50%,29.87,观察,下轨附近,1.25,向上,健康,0.97,1.22,1.0652,1.0332439999999998,2
2025-11-17,P2,11611,🔥 P2-强力超卖 (RSI<=35),11.22%,-0.50%,29.5,观察,下轨附近,1.25,向上,健康,0.97,1.22,1.047,1.01559,2
2025-11-17,P2,14219,🔥 P2-强力超卖 (RSI<=35),10.73%,-0.31%,34.46,观察,下轨附近,1.39,向上,健康,0.99,1.38,1.3736,1.3323919999999998,2
2025-11-17,P2,13084,🔥 P2-强力超卖 (RSI<=35),10.37%,0.19%,29.77,观察,下轨附近,1.19,平稳,健康,0.97,1.16,1.1799,1.1445029999999998,1
2025-11-17,P2,16123,🔥 P2-强力超卖 (RSI<=35),10.33%,-0.33%,34.7,观察,下轨附近,1.37,向上,健康,0.99,1.36,1.3126,1.273222,2
2025-11-17,P2,13299,🔥 P2-强力超卖 (RSI<=35),10.11%,-0.34%,33.76,观察,下轨附近,1.37,向上,健康,0.99,1.36,1.0144,0.983968,2
2025-11-17,P2,12908,🔥 P2-强力超卖 (RSI<=35),10.04%,-0.32%,34.13,观察,下轨附近,1.37,向上,健康,0.99,1.36,0.9854,0.955838,2
2025-11-17,P2,13316,关注 (回撤 9.99%),9.99%,-0.32%,34.12,观察,下轨附近,1.37,向上,健康,0.99,1.36,0.9617,0.932849,2
2025-11-17,P2,13305,关注 (回撤 9.98%),9.98%,-0.33%,34.2,观察,下轨附近,1.37,向上,健康,0.99,1.36,1.0375,1.006375,2
2025-11-17,P2,13318,关注 (回撤 9.95%),9.95%,-0.33%,34.04,观察,下轨附近,1.36,向上,健康,0.99,1.35,1.0183,0.987751,2
2025-11-17,P2,13303,关注 (回撤 9.92%),9.92%,-0.32%,34.35,观察,下轨附近,1.36,向上,健康,0.99,1.35,1.0684,1.036348,2
2025-11-17,P2,14130,关注 (回撤 9.89%),9.89%,1.86%,29.62,观察,轨道中间,1.24,平稳,健康,0.97,1.21,1.664,1.61408,1
2025-11-17,P2,12899,关注 (回撤 9.75%),9.75%,-0.33%,34.33,观察,下轨附近,1.36,向上,健康,0.99,1.35,0.9856,0.956032,2
2025-11-17,P3,23567,观察中 (RSI未超卖),20.52%,-1.93%,36.85,观察,**下轨下方**,,数据不足,数据不足,0.88,,1.0077,0.977469,4
2025-11-17,P3,3305,观察中 (RSI未超卖),16.71%,-1.24%,39.07,观察,下轨附近,1.34,平稳,健康,0.94,1.26,4.451,4.317469999999999,2
2025-11-17,P3,9645,观察中 (RSI未超卖),15.02%,0.10%,43.25,观察,下轨附近,1.38,向上,健康,0.93,1.28,1.7682,1.7151539999999998,3
2025-11-17,P3,12555,观察中 (RSI未超卖),10.23%,0.04%,38.02,观察,轨道中间,1.34,向上,健康,0.99,1.33,0.9695,0.940415,1
2025-11-17,P3,14985,关注 (回撤 9.98%),9.98%,-0.30%,39.71,观察,轨道中间,1.34,向上,健康,1.0,1.35,1.6976,1.646672,2
2025-11-17,P3,160424,关注 (回撤 9.92%),9.92%,-0.29%,39.78,观察,轨道中间,1.35,向上,健康,1.0,1.35,2.3679,2.296863,2
2025-11-17,P3,14662,关注 (回撤 9.85%),9.85%,-2.40%,62.38,观察,轨道中间,1.18,向上,健康,1.04,1.23,2.0735,2.011295,2
2025-11-17,P3,8987,关注 (回撤 9.72%),9.72%,-2.39%,62.44,观察,轨道中间,1.18,向上,健康,1.04,1.24,1.9604,1.901588,2
2025-11-17,P3,1593,关注 (回撤 9.58%),9.58%,-0.19%,40.97,观察,轨道中间,1.3,向上,健康,1.0,1.31,1.2322,1.195234,2
2025-11-17,P3,13277,关注 (回撤 9.52%),9.52%,-0.20%,40.79,观察,轨道中间,1.3,向上,健康,1.0,1.3,1.1152,1.081744,2
2025-11-17,P3,15673,关注 (回撤 9.49%),9.49%,-0.21%,40.73,观察,轨道中间,1.3,向上,健康,1.0,1.3,1.3866,1.345002,2
2025-11-17,P3,7665,关注 (回撤 9.45%),9.45%,-0.19%,40.97,观察,轨道中间,1.31,向上,健康,1.0,1.31,1.7087,1.657439,2
2025-11-17,P3,15600,关注 (回撤 9.45%),9.45%,-0.20%,40.88,观察,轨道中间,1.31,向上,健康,1.0,1.31,1.716,1.66452,2
2025-11-17,P3,4744,关注 (回撤 9.42%),9.42%,-0.19%,40.96,观察,轨道中间,1.3,向上,健康,1.0,1.31,3.1027,3.009619,2
2025-11-17,P3,11036,关注 (回撤 9.16%),9.16%,0.54%,39.42,观察,轨道中间,1.35,平稳,健康,1.0,1.35,1.2197,1.183109,1
2025-11-17,P3,11317,关注 (回撤 9.00%),9.00%,0.02%,42.11,观察,轨道中间,1.26,向上,健康,1.0,1.26,1.0922,1.059434,1
2025-11-17,P3,10356,关注 (回撤 8.99%),8.99%,0.19%,42.04,观察,轨道中间,1.3,向上,健康,1.0,1.3,2.1279,2.064063,1
2025-11-17,P3,8400,关注 (回撤 8.93%),8.93%,-0.20%,38.0,观察,下轨附近,1.28,向上,健康,1.0,1.28,1.8966,1.839702,2
2025-11-17,P3,15795,关注 (回撤 8.67%),8.67%,-0.14%,38.87,观察,轨道中间,1.32,向上,健康,0.99,1.31,1.2096,1.173312,2
2025-11-17,P3,14332,关注 (回撤 8.61%),8.61%,0.53%,39.35,观察,轨道中间,1.35,平稳,健康,1.0,1.35,1.1697,1.134609,1
2025-11-17,P3,4433,关注 (回撤 7.99%),7.99%,-0.32%,57.3,观察,轨道中间,1.33,向上,健康,1.07,1.43,1.6958,1.644926,2
2025-11-17,P3,10063,关注 (回撤 7.96%),7.96%,-1.72%,51.67,观察,轨道中间,1.23,向上,健康,1.04,1.27,0.8898,0.863106,2
2025-11-17,P3,12901,关注 (回撤 7.91%),7.91%,-0.34%,37.69,观察,下轨附近,1.3,向上,健康,0.99,1.29,0.8531,0.827507,2
2025-11-17,P3,5627,关注 (回撤 7.89%),7.89%,-0.36%,35.63,观察,下轨附近,1.24,向上,健康,0.99,1.23,2.2953,2.226441,2
2025-11-17,P3,13081,关注 (回撤 7.83%),7.83%,-0.56%,55.17,观察,轨道中间,1.35,向上,健康,1.07,1.44,2.5927,2.514919,2
2025-11-17,P3,11372,关注 (回撤 7.74%),7.74%,-0.65%,55.61,观察,轨道中间,1.2,平稳,健康,0.99,1.19,0.706,0.68482,2
2025-11-17,P3,5727,关注 (回撤 7.24%),7.24%,0.62%,50.38,观察,轨道中间,1.15,平稳,健康,1.01,1.16,1.276,1.23772,1
2025-11-17,P3,501037,关注 (回撤 7.14%),7.14%,0.00%,44.01,观察,轨道中间,1.17,平稳,健康,1.0,1.17,1.3491,1.308627,1
2025-11-17,P3,15596,关注 (回撤 7.03%),7.03%,-0.54%,56.15,观察,轨道中间,1.35,向上,健康,1.07,1.44,2.1057,2.042529,2
2025-11-17,P3,11965,关注 (回撤 6.90%),6.90%,-0.03%,44.16,观察,轨道中间,1.17,平稳,健康,1.0,1.17,1.1447,1.110359,2
2025-11-17,P3,7413,关注 (回撤 6.88%),6.88%,-0.05%,46.92,观察,轨道中间,1.21,平稳,健康,1.01,1.22,1.743,1.6907100000000002,2
2025-11-17,P3,70039,关注 (回撤 6.82%),6.82%,-0.01%,44.27,观察,轨道中间,1.17,平稳,健康,1.0,1.17,1.6293,1.580421,2
2025-11-17,P3,4348,关注 (回撤 6.78%),6.78%,-0.02%,44.24,观察,轨道中间,1.17,平稳,健康,1.0,1.17,1.9703,1.911191,2
2025-11-17,P3,6382,关注 (回撤 6.72%),6.72%,-0.01%,44.33,观察,轨道中间,1.17,平稳,健康,1.0,1.17,0.8432,0.817904,2
2025-11-17,P3,7029,关注 (回撤 6.71%),6.71%,-0.02%,44.36,观察,轨道中间,1.17,平稳,健康,1.0,1.17,1.6962,1.645314,2
2025-11-17,P3,5919,关注 (回撤 6.70%),6.70%,-0.01%,44.3,观察,轨道中间,1.17,平稳,健康,1.0,1.17,1.4268,1.383996,2
2025-11-17,P3,6938,关注 (回撤 6.69%),6.69%,0.00%,44.16,观察,轨道中间,1.17,平稳,健康,1.0,1.18,2.1962,2.1303140000000003,1
2025-11-17,P3,7223,关注 (回撤 6.67%),6.67%,-0.03%,44.54,观察,轨道中间,1.17,向上,健康,1.01,1.18,1.3648,1.323856,2
2025-11-17,P3,8001,关注 (回撤 6.64%),6.64%,-0.02%,44.4,观察,轨道中间,1.17,平稳,健康,1.0,1.17,1.4199,1.377303,2
2025-11-17,P3,6215,关注 (回撤 6.49%),6.49%,0.00%,43.97,观察,轨道中间,1.17,向上,健康,1.0,1.18,1.3746,1.333362,1
2025-11-17,P3,7794,关注 (回撤 6.38%),6.38%,-0.72%,38.62,观察,下轨附近,1.17,平稳,健康,0.99,1.16,1.9068,1.849596,2
2025-11-17,P3,15454,关注 (回撤 6.37%),6.37%,-0.13%,46.52,观察,轨道中间,1.2,向上,健康,1.02,1.22,1.3331,1.293107,2
2025-11-17,P3,14345,关注 (回撤 6.34%),6.34%,-0.49%,37.69,观察,下轨附近,1.22,平稳,健康,1.0,1.22,1.3877,1.346069,2
2025-11-17,P3,5795,关注 (回撤 6.06%),6.06%,-0.56%,36.84,观察,下轨附近,1.19,平稳,健康,0.99,1.17,1.5995,1.551515,2
2025-11-18,P1B,10956,🌟 P1-极值超卖 (RSI<=29),14.37%,-0.65%,17.44,观察,下轨附近,1.14,平稳,健康,0.94,1.08,1.0603,1.028491,1
2025-11-18,P1B,13292,🌟 P1-极值超卖 (RSI<=29),14.35%,-0.55%,17.01,观察,下轨附近,1.14,平稳,健康,0.94,1.08,1.975,1.91575,1
2025-11-18,P1B,10524,🌟 P1-极值超卖 (RSI<=29),13.60%,-0.12%,19.4,观察,下轨附近,1.48,向上,健康,0.97,1.43,1.4736,1.429392,2
2025-11-18,P1B,8327,🌟 P1-极值超卖 (RSI<=29),13.36%,0.30%,21.11,观察,下轨附近,1.5,向上,健康,0.97,1.45,2.2732,2.205004,2
2025-11-18,P1B,12630,🌟 P1-极值超卖 (RSI<=29),13.09%,0.89%,27.37,观察,下轨附近,1.26,向上,健康,0.97,1.23,0.9978,0.967866,2
2025-11-18,P1B,8888,🌟 P1-极值超卖 (RSI<=29),12.99%,0.86%,27.31,观察,下轨附近,1.27,向上,健康,0.97,1.24,1.4626,1.4187219999999998,2
2025-11-18,P1B,15788,🌟 P1-极值超卖 (RSI<=29),12.88%,0.95%,26.03,观察,下轨附近,1.21,向上,健康,0.96,1.16,1.4741,1.4298769999999998,2
2025-11-18,P1B,12838,🌟 P1-极值超卖 (RSI<=29),12.87%,0.67%,27.58,观察,轨道中间,1.26,向上,健康,0.98,1.23,0.9178,0.8902659999999999,2
2025-11-18,P1B,7301,🌟 P1-极值超卖 (RSI<=29),12.83%,0.81%,28.01,观察,轨道中间,1.26,向上,健康,0.98,1.23,2.7247,2.642959,2
2025-11-18,P1B,12970,🌟 P1-极值超卖 (RSI<=29),12.77%,0.85%,27.35,观察,下轨附近,1.27,向上,健康,0.97,1.23,1.0382,1.007054,2
2025-11-18,P1B,15337,🌟 P1-极值超卖 (RSI<=29),12.75%,0.67%,27.38,观察,轨道中间,1.26,向上,健康,0.98,1.23,1.2464,1.209008,2
2025-11-18,P1B,12553,🌟 P1-极值超卖 (RSI<=29),12.69%,0.68%,27.35,观察,轨道中间,1.27,向上,健康,0.98,1.24,1.0794,1.0470179999999998,2
2025-11-18,P1B,7816,🌟 P1-极值超卖 (RSI<=29),12.52%,0.36%,15.5,观察,下轨附近,1.27,平稳,健康,0.94,1.19,1.4422,1.398934,2
2025-11-18,P1B,15895,🌟 P1-极值超卖 (RSI<=29),12.48%,-0.30%,18.55,观察,下轨附近,1.3,向上,健康,0.96,1.24,1.4447,1.401359,3
2025-11-18,P1B,14777,🌟 P1-极值超卖 (RSI<=29),12.48%,0.69%,27.54,观察,轨道中间,1.26,向上,健康,0.98,1.23,1.2017,1.165649,2
2025-11-18,P1B,10531,🌟 P1-极值超卖 (RSI<=29),12.36%,0.51%,21.03,观察,下轨附近,1.34,向上,健康,0.97,1.3,1.4564,1.412708,1
2025-11-18,P1B,12551,🌟 P1-极值超卖 (RSI<=29),12.29%,0.47%,21.08,观察,下轨附近,1.3,向上,健康,0.96,1.25,1.1759,1.140623,2
2025-11-18,P1B,15877,🌟 P1-极值超卖 (RSI<=29),12.21%,-0.23%,18.89,观察,下轨附近,1.3,向上,健康,0.96,1.25,1.4798,1.435406,3
2025-11-18,P1B,14419,🌟 P1-极值超卖 (RSI<=29),12.16%,0.83%,28.8,观察,轨道中间,1.27,向上,健康,0.98,1.24,1.1109,1.077573,2
2025-11-18,P1B,13894,🌟 P1-极值超卖 (RSI<=29),11.84%,0.28%,25.37,观察,下轨附近,1.25,向上,健康,0.97,1.21,1.1839,1.148383,2
2025-11-18,P1B,14172,🌟 P1-极值超卖 (RSI<=29),11.75%,-0.08%,21.33,观察,下轨附近,1.25,向上,健康,0.96,1.2,1.264,1.22608,1
2025-11-18,P1B,1618,🌟 P1-极值超卖 (RSI<=29),11.73%,0.24%,20.67,观察,下轨附近,1.29,向上,健康,0.97,1.25,1.849,1.7935299999999998,2
2025-11-18,P1B,12040,🌟 P1-极值超卖 (RSI<=29),11.61%,0.37%,21.96,观察,下轨附近,1.26,向上,健康,0.97,1.22,1.3145,1.275065,1
2025-11-18,P1B,2974,🌟 P1-极值超卖 (RSI<=29),11.55%,0.39%,21.91,观察,下轨附近,1.25,向上,健康,0.97,1.21,1.5335,1.487495,1
2025-11-18,P1B,13811,🌟 P1-极值超卖 (RSI<=29),11.47%,0.26%,26.34,观察,下轨附近,1.25,向上,健康,0.98,1.22,0.9495,0.921015,2
2025-11-18,P1B,11609,🌟 P1-极值超卖 (RSI<=29),11.44%,0.27%,26.42,观察,下轨附近,1.25,向上,健康,0.98,1.22,1.0408,1.009576,2
2025-11-18,P1B,11613,🌟 P1-极值超卖 (RSI<=29),11.34%,0.25%,26.39,观察,下轨附近,1.25,向上,健康,0.98,1.22,1.0679,1.035863,2
2025-11-18,P1B,11611,🌟 P1-极值超卖 (RSI<=29),11.22%,0.28%,26.27,观察,下轨附近,1.25,向上,健康,0.98,1.22,1.0499,1.018403,2
2025-11-18,P1B,11840,🌟 P1-极值超卖 (RSI<=29),10.90%,0.43%,25.2,观察,轨道中间,1.35,向上,健康,0.97,1.3,1.4348,1.391756,1
2025-11-18,P1B,9239,🌟 P1-极值超卖 (RSI<=29),10.89%,0.47%,25.18,观察,轨道中间,1.35,向上,健康,0.97,1.31,2.1851,2.119547,1
2025-11-18,P1B,12734,🌟 P1-极值超卖 (RSI<=29),10.85%,0.43%,25.33,观察,轨道中间,1.34,向上,健康,0.97,1.3,1.6384,1.589248,1
2025-11-18,P1B,13122,🌟 P1-极值超卖 (RSI<=29),10.84%,0.19%,18.73,观察,下轨附近,1.25,向上,健康,0.97,1.21,1.0826,1.050122,1
2025-11-18,P1B,7874,🌟 P1-极值超卖 (RSI<=29),10.83%,0.41%,21.05,观察,下轨附近,1.3,向上,健康,0.96,1.25,1.5885,1.540845,1
2025-11-18,P1B,14219,🌟 P1-极值超卖 (RSI<=29),10.73%,-0.41%,27.99,观察,下轨附近,1.39,向上,健康,0.99,1.37,1.368,1.32696,3
2025-11-18,P1B,11833,🌟 P1-极值超卖 (RSI<=29),10.47%,0.57%,25.34,观察,轨道中间,1.33,向上,健康,0.97,1.29,1.3925,1.350725,1
2025-11-18,P1B,15676,🌟 P1-极值超卖 (RSI<=29),10.47%,0.67%,23.79,观察,下轨附近,1.24,向上,健康,0.97,1.2,1.615,1.56655,1
2025-11-18,P1B,14173,🌟 P1-极值超卖 (RSI<=29),10.46%,0.66%,23.86,观察,下轨附近,1.25,向上,健康,0.97,1.22,1.214,1.1775799999999998,1
2025-11-18,P1B,13084,🌟 P1-极值超卖 (RSI<=29),10.37%,-0.03%,25.63,观察,下轨附近,1.19,平稳,健康,0.97,1.16,1.1796,1.144212,1
2025-11-18,P1B,16123,🌟 P1-极值超卖 (RSI<=29),10.33%,-0.38%,26.59,观察,下轨附近,1.37,向上,健康,0.99,1.35,1.3076,1.268372,3
2025-11-18,P1B,12809,🌟 P1-极值超卖 (RSI<=29),10.27%,-0.54%,24.9,观察,下轨附近,1.2,平稳,健康,0.96,1.15,1.0759,1.043623,3
2025-11-18,P1B,13299,🌟 P1-极值超卖 (RSI<=29),10.11%,-0.51%,25.37,观察,下轨附近,1.37,向上,健康,0.99,1.35,1.0092,0.978924,3
2025-11-18,P1B,6910,🌟 P1-极值超卖 (RSI<=29),10.07%,-0.18%,19.26,观察,下轨附近,1.32,向上,健康,0.97,1.27,1.9326,1.874622,3
2025-11-18,P1B,12908,🌟 P1-极值超卖 (RSI<=29),10.04%,-0.51%,25.63,观察,下轨附近,1.37,向上,健康,0.99,1.35,0.9804,0.950988,3
2025-11-18,P1B,12555,🌟 P1-极值超卖 (RSI<=29),10.04%,-1.18%,26.46,观察,下轨附近,1.34,向上,健康,0.98,1.32,0.9581,0.929357,1
2025-11-18,P1B,13316,关注 (回撤 9.99%),9.99%,-0.50%,25.63,观察,下轨附近,1.36,向上,健康,0.99,1.35,0.9569,0.928193,3
2025-11-18,P1B,14985,关注 (回撤 9.98%),9.98%,-1.05%,28.1,观察,下轨附近,1.34,向上,健康,0.99,1.33,1.6798,1.629406,3
2025-11-18,P1B,13305,关注 (回撤 9.98%),9.98%,-0.53%,25.72,观察,下轨附近,1.37,向上,健康,0.99,1.35,1.032,1.00104,3
2025-11-18,P1B,14544,关注 (回撤 9.97%),9.97%,0.12%,27.07,观察,轨道中间,1.34,平稳,健康,0.98,1.31,1.6104,1.562088,1
2025-11-18,P1B,13318,关注 (回撤 9.95%),9.95%,-0.52%,25.63,观察,下轨附近,1.36,向上,健康,0.99,1.34,1.013,0.98261,3
2025-11-18,P1B,160424,关注 (回撤 9.92%),9.92%,-1.06%,28.14,观察,下轨附近,1.35,向上,健康,0.99,1.34,2.3429,2.272613,3
2025-11-18,P1B,13303,关注 (回撤 9.92%),9.92%,-0.51%,25.95,观察,下轨附近,1.36,向上,健康,0.99,1.34,1.063,1.03111,3
2025-11-18,P1B,12899,关注 (回撤 9.75%),9.75%,-0.54%,25.77,观察,下轨附近,1.36,向上,健康,0.99,1.34,0.9803,0.950891,3
2025-11-18,P1B,11036,关注 (回撤 9.70%),9.70%,-1.83%,27.18,观察,下轨附近,1.35,平稳,健康,0.98,1.32,1.1974,1.161478,1
2025-11-18,P1B,14332,关注 (回撤 9.11%),9.11%,-1.79%,27.12,观察,下轨附近,1.35,平稳,健康,0.98,1.32,1.1488,1.114336,1
2025-11-18,P1B,8400,关注 (回撤 8.93%),8.93%,-0.73%,28.18,观察,下轨附近,1.28,向上,健康,0.99,1.27,1.8828,1.826316,3
2025-11-18,P1B,12718,关注 (回撤 8.90%),8.90%,-0.34%,23.19,观察,下轨附近,1.25,向上,健康,0.97,1.22,1.0412,1.009964,3
2025-11-18,P1B,7984,关注 (回撤 8.69%),8.69%,0.22%,23.43,观察,下轨附近,1.22,向上,健康,0.97,1.18,1.8122,1.757834,2
2025-11-18,P1B,15795,关注 (回撤 8.67%),8.67%,-1.15%,26.61,观察,下轨附近,1.32,向上,健康,0.98,1.29,1.1957,1.159829,3
2025-11-18,P1B,12901,关注 (回撤 8.32%),8.32%,-0.66%,26.19,观察,下轨附近,1.3,向上,健康,0.98,1.28,0.8475,0.822075,3
2025-11-18,P1B,5627,关注 (回撤 7.89%),7.89%,-0.78%,26.56,观察,下轨附近,1.24,向上,健康,0.98,1.22,2.2773,2.208981,3
2025-11-18,P1B,7794,关注 (回撤 6.38%),6.38%,-0.80%,26.44,观察,下轨附近,1.17,平稳,健康,0.98,1.15,1.8916,1.834852,3
2025-11-18,P1B,14345,关注 (回撤 6.34%),6.34%,-0.85%,26.74,观察,下轨附近,1.22,平稳,健康,0.99,1.21,1.3759,1.334623,3
2025-11-18,P1B,5795,关注 (回撤 6.27%),6.27%,-0.92%,25.29,观察,下轨附近,1.18,平稳,健康,0.98,1.16,1.5848,1.537256,3
2025-11-18,P2,14194,🔥 P2-强力超卖 (RSI<=35),12.46%,1.61%,32.99,观察,轨道中间,1.3,向上,健康,1.01,1.31,1.198,1.16206,2
2025-11-18,P2,14855,🔥 P2-强力超卖 (RSI<=35),10.63%,1.68%,31.66,观察,轨道中间,1.32,向上,健康,1.01,1.33,1.855,1.79935,2
2025-11-18,P2,14130,关注 (回撤 9.89%),9.89%,0.69%,29.53,观察,轨道中间,1.24,平稳,健康,0.98,1.22,1.6755,1.625235,1
2025-11-18,P2,1593,关注 (回撤 9.58%),9.58%,-1.10%,29.46,观察,下轨附近,1.3,向上,健康,0.99,1.29,1.2186,1.1820419999999998,3
2025-11-18,P2,13277,关注 (回撤 9.52%),9.52%,-1.09%,29.28,观察,下轨附近,1.3,向上,健康,0.99,1.29,1.1031,1.070007,3
2025-11-18,P2,15673,关注 (回撤 9.49%),9.49%,-1.10%,29.2,观察,下轨附近,1.3,向上,健康,0.99,1.29,1.3714,1.330258,3
2025-11-18,P2,7665,关注 (回撤 9.45%),9.45%,-1.05%,29.51,观察,下轨附近,1.3,向上,健康,0.99,1.3,1.6908,1.640076,3
2025-11-18,P2,15600,关注 (回撤 9.45%),9.45%,-1.05%,29.32,观察,下轨附近,1.31,向上,健康,0.99,1.3,1.6979,1.646963,3
2025-11-18,P2,4744,关注 (回撤 9.42%),9.42%,-1.10%,29.49,观察,下轨附近,1.3,向上,健康,0.99,1.29,3.0687,2.976639,3
2025-11-18,P2,11317,关注 (回撤 9.00%),9.00%,-1.03%,30.76,观察,下轨附近,1.26,向上,健康,0.99,1.25,1.0809,1.048473,1
2025-11-18,P2,10356,关注 (回撤 8.99%),8.99%,-1.51%,30.06,观察,下轨附近,1.3,向上,健康,0.98,1.28,2.0958,2.032926,1
2025-11-18,P2,501037,关注 (回撤 7.14%),7.14%,-1.10%,30.27,观察,下轨附近,1.17,平稳,健康,0.99,1.16,1.3342,1.294174,1
2025-11-18,P2,11965,关注 (回撤 6.90%),6.90%,-1.11%,30.69,观察,下轨附近,1.17,平稳,健康,0.99,1.16,1.132,1.09804,3
2025-11-18,P2,7413,关注 (回撤 6.88%),6.88%,-0.85%,33.63,观察,轨道中间,1.21,平稳,健康,1.01,1.21,1.7282,1.676354,3
2025-11-18,P2,70039,关注 (回撤 6.82%),6.82%,-1.10%,30.89,观察,下轨附近,1.16,平稳,健康,0.99,1.16,1.6114,1.5630579999999998,3
2025-11-18,P2,4348,关注 (回撤 6.78%),6.78%,-1.11%,30.8,观察,下轨附近,1.17,平稳,健康,0.99,1.16,1.9485,1.890045,3
2025-11-18,P2,6382,关注 (回撤 6.72%),6.72%,-1.10%,30.83,观察,下轨附近,1.17,平稳,健康,0.99,1.16,0.8339,0.8088829999999999,3
2025-11-18,P2,7029,关注 (回撤 6.71%),6.71%,-1.09%,30.95,观察,下轨附近,1.17,平稳,健康,0.99,1.16,1.6777,1.6273689999999998,3
2025-11-18,P2,5919,关注 (回撤 6.70%),6.70%,-1.09%,30.86,观察,下轨附近,1.17,平稳,健康,0.99,1.16,1.4112,1.368864,3
2025-11-18,P2,6938,关注 (回撤 6.69%),6.69%,-1.11%,30.76,观察,下轨附近,1.17,平稳,健康,0.99,1.16,2.1719,2.106743,1
2025-11-18,P2,7223,关注 (回撤 6.67%),6.67%,-1.02%,31.0,观察,下轨附近,1.17,平稳,健康,1.0,1.16,1.3509,1.310373,3
2025-11-18,P2,8001,关注 (回撤 6.64%),6.64%,-1.10%,30.87,观察,下轨附近,1.17,平稳,健康,0.99,1.16,1.4043,1.362171,3
2025-11-18,P2,6215,关注 (回撤 6.49%),6.49%,-1.00%,30.96,观察,下轨附近,1.17,平稳,健康,0.99,1.16,1.3609,1.320073,1
2025-11-18,P2,15454,关注 (回撤 6.37%),6.37%,-1.14%,31.76,观察,轨道中间,1.2,平稳,健康,1.01,1.21,1.3179,1.278363,3
2025-11-18,P3,23567,观察中 (RSI未超卖),20.52%,-1.93%,36.85,观察,**下轨下方**,,数据不足,数据不足,0.88,,1.0077,0.977469,4
2025-11-18,P3,3305,观察中 (RSI未超卖),16.71%,-1.24%,39.07,观察,下轨附近,1.34,平稳,健康,0.94,1.26,4.451,4.317469999999999,2
2025-11-18,P3,9645,观察中 (RSI未超卖),15.02%,0.10%,43.25,观察,下轨附近,1.38,向上,健康,0.93,1.28,1.7682,1.7151539999999998,3
2025-11-18,P3,14662,关注 (回撤 9.85%),9.85%,-1.15%,54.02,观察,轨道中间,1.18,向上,健康,1.03,1.22,2.0497,1.988209,3
2025-11-18,P3,8987,关注 (回撤 9.72%),9.72%,-1.15%,53.97,观察,轨道中间,1.19,向上,健康,1.03,1.22,1.9378,1.879666,3
2025-11-18,P3,4433,关注 (回撤 7.99%),7.99%,-2.75%,42.37,观察,轨道中间,1.34,向上,健康,1.04,1.38,1.6491,1.599627,3
2025-11-18,P3,10063,关注 (回撤 7.96%),7.96%,-1.98%,40.83,观察,下轨附近,1.23,向上,健康,1.01,1.24,0.8722,0.846034,3
2025-11-18,P3,13081,关注 (回撤 7.83%),7.83%,-2.77%,40.33,观察,轨道中间,1.35,向上,健康,1.03,1.4,2.5209,2.4452730000000003,3
2025-11-18,P3,11372,关注 (回撤 7.74%),7.74%,-0.65%,55.61,观察,轨道中间,1.2,平稳,健康,0.99,1.19,0.706,0.68482,2
2025-11-18,P3,5727,关注 (回撤 7.24%),7.24%,-0.80%,40.89,观察,轨道中间,1.15,平稳,健康,1.0,1.15,1.2658,1.227826,1
2025-11-18,P3,15596,关注 (回撤 7.03%),7.03%,-2.49%,41.9,观察,轨道中间,1.35,向上,健康,1.04,1.4,2.0533,1.991701,3
2025-11-19,P1B,10956,🌟 P1-极值超卖 (RSI<=29),15.27%,-1.05%,18.74,观察,下轨附近,1.14,平稳,健康,0.93,1.06,1.0492,1.017724,2
2025-11-19,P1B,13292,🌟 P1-极值超卖 (RSI<=29),15.26%,-1.06%,18.22,观察,下轨附近,1.14,平稳,健康,0.93,1.06,1.954,1.89538,2
2025-11-19,P1B,10524,🌟 P1-极值超卖 (RSI<=29),13.60%,0.41%,24.31,观察,轨道中间,1.48,向上,健康,0.97,1.43,1.4797,1.435309,1
2025-11-19,P1B,8327,🌟 P1-极值超卖 (RSI<=29),13.36%,0.70%,27.43,观察,轨道中间,1.5,向上,健康,0.97,1.46,2.2892,2.220524,1
2025-11-19,P1B,15895,🌟 P1-极值超卖 (RSI<=29),13.00%,-0.59%,20.3,观察,下轨附近,1.3,向上,健康,0.95,1.23,1.4362,1.393114,4
2025-11-19,P1B,15788,🌟 P1-极值超卖 (RSI<=29),12.88%,-0.81%,28.0,观察,下轨附近,1.21,向上,健康,0.96,1.15,1.4622,1.418334,2
2025-11-19,P1B,15877,🌟 P1-极值超卖 (RSI<=29),12.73%,-0.59%,20.65,观察,下轨附近,1.3,向上,健康,0.95,1.24,1.4711,1.426967,4
2025-11-19,P1B,7816,🌟 P1-极值超卖 (RSI<=29),12.66%,-0.52%,17.29,观察,下轨附近,1.27,平稳,健康,0.93,1.18,1.4347,1.391659,2
2025-11-19,P1B,13894,🌟 P1-极值超卖 (RSI<=29),12.41%,-0.92%,26.74,观察,下轨附近,1.25,向上,健康,0.96,1.2,1.173,1.13781,2
2025-11-19,P1B,12551,🌟 P1-极值超卖 (RSI<=29),12.38%,-0.57%,22.94,观察,下轨附近,1.3,向上,健康,0.96,1.24,1.1692,1.134124,2
2025-11-19,P1B,14172,🌟 P1-极值超卖 (RSI<=29),12.38%,-0.87%,23.08,观察,下轨附近,1.25,向上,健康,0.96,1.19,1.253,1.21541,2
2025-11-19,P1B,10531,🌟 P1-极值超卖 (RSI<=29),12.36%,-0.58%,23.28,观察,下轨附近,1.34,向上,健康,0.96,1.29,1.448,1.4045599999999998,1
2025-11-19,P1B,1618,🌟 P1-极值超卖 (RSI<=29),12.20%,-0.77%,22.43,观察,下轨附近,1.29,向上,健康,0.96,1.24,1.8348,1.779756,2
2025-11-19,P1B,13811,🌟 P1-极值超卖 (RSI<=29),12.06%,-0.93%,27.82,观察,下轨附近,1.25,向上,健康,0.97,1.21,0.9407,0.912479,2
2025-11-19,P1B,11609,🌟 P1-极值超卖 (RSI<=29),12.01%,-0.91%,27.88,观察,下轨附近,1.25,向上,健康,0.97,1.21,1.0313,1.000361,2
2025-11-19,P1B,11613,🌟 P1-极值超卖 (RSI<=29),11.93%,-0.91%,27.87,观察,下轨附近,1.25,向上,健康,0.97,1.21,1.0582,1.026454,2
2025-11-19,P1B,12040,🌟 P1-极值超卖 (RSI<=29),11.83%,-0.81%,23.55,观察,下轨附近,1.26,向上,健康,0.96,1.21,1.3038,1.264686,1
2025-11-19,P1B,11611,🌟 P1-极值超卖 (RSI<=29),11.78%,-0.90%,27.77,观察,下轨附近,1.25,向上,健康,0.97,1.21,1.0404,1.009188,2
2025-11-19,P1B,2974,🌟 P1-极值超卖 (RSI<=29),11.75%,-0.80%,23.66,观察,下轨附近,1.25,向上,健康,0.96,1.2,1.5212,1.475564,1
2025-11-19,P1B,13122,🌟 P1-极值超卖 (RSI<=29),10.92%,-0.74%,20.44,观察,下轨附近,1.25,向上,健康,0.96,1.2,1.0746,1.042362,1
2025-11-19,P1B,11840,🌟 P1-极值超卖 (RSI<=29),10.90%,-0.03%,28.38,观察,轨道中间,1.34,向上,健康,0.97,1.3,1.4344,1.391368,1
2025-11-19,P1B,9239,🌟 P1-极值超卖 (RSI<=29),10.89%,-0.03%,28.36,观察,轨道中间,1.34,向上,健康,0.97,1.3,2.1845,2.118965,1
2025-11-19,P1B,12734,🌟 P1-极值超卖 (RSI<=29),10.85%,-0.02%,28.52,观察,轨道中间,1.34,向上,健康,0.97,1.3,1.6381,1.588957,1
2025-11-19,P1B,7874,🌟 P1-极值超卖 (RSI<=29),10.83%,-0.23%,24.2,观察,下轨附近,1.3,向上,健康,0.96,1.25,1.5849,1.537353,1
2025-11-19,P1B,12809,🌟 P1-极值超卖 (RSI<=29),10.49%,-0.40%,26.21,观察,下轨附近,1.19,平稳,健康,0.95,1.14,1.0716,1.039452,4
2025-11-19,P1B,11833,🌟 P1-极值超卖 (RSI<=29),10.47%,-0.22%,28.07,观察,轨道中间,1.32,向上,健康,0.97,1.28,1.3894,1.347718,1
2025-11-19,P1B,15676,🌟 P1-极值超卖 (RSI<=29),10.47%,-0.88%,25.5,观察,下轨附近,1.24,向上,健康,0.96,1.19,1.6008,1.552776,1
2025-11-19,P1B,14173,🌟 P1-极值超卖 (RSI<=29),10.46%,-0.82%,25.68,观察,下轨附近,1.25,向上,健康,0.97,1.21,1.204,1.16788,1
2025-11-19,P1B,13084,🌟 P1-极值超卖 (RSI<=29),10.37%,-0.90%,28.35,观察,下轨附近,1.19,平稳,健康,0.96,1.14,1.169,1.13393,2
2025-11-19,P1B,13299,🌟 P1-极值超卖 (RSI<=29),10.11%,0.13%,28.83,观察,下轨附近,1.37,向上,健康,0.99,1.35,1.0105,0.980185,3
2025-11-19,P1B,6910,🌟 P1-极值超卖 (RSI<=29),10.07%,0.12%,23.41,观察,下轨附近,1.31,向上,健康,0.97,1.27,1.9349,1.876853,3
2025-11-19,P1B,13303,关注 (回撤 9.92%),9.92%,-0.51%,25.95,观察,下轨附近,1.36,向上,健康,0.99,1.34,1.063,1.03111,3
2025-11-19,P1B,11036,关注 (回撤 9.70%),9.70%,0.61%,26.13,观察,下轨附近,1.35,平稳,健康,0.99,1.33,1.2047,1.168559,1
2025-11-19,P1B,14332,关注 (回撤 9.11%),9.11%,0.61%,26.13,观察,下轨附近,1.34,平稳,健康,0.99,1.33,1.1558,1.1211259999999998,1
2025-11-19,P1B,12718,关注 (回撤 9.06%),9.06%,-0.18%,26.22,观察,下轨附近,1.25,向上,健康,0.97,1.22,1.0393,1.0081209999999998,4
2025-11-19,P1B,7984,关注 (回撤 8.92%),8.92%,-0.47%,26.02,观察,下轨附近,1.22,向上,健康,0.97,1.18,1.8037,1.749589,2
2025-11-19,P1B,5795,关注 (回撤 6.90%),6.90%,-0.67%,27.86,观察,**下轨下方**,1.18,平稳,健康,0.97,1.15,1.5742,1.526974,4
2025-11-19,P2,12838,🔥 P2-强力超卖 (RSI<=35),13.13%,-0.96%,29.38,观察,下轨附近,1.26,向上,健康,0.97,1.22,0.909,0.88173,2
2025-11-19,P2,12630,🔥 P2-强力超卖 (RSI<=35),13.10%,-0.90%,29.09,观察,下轨附近,1.26,向上,健康,0.96,1.22,0.9888,0.959136,2
2025-11-19,P2,8888,🔥 P2-强力超卖 (RSI<=35),13.02%,-0.89%,29.06,观察,下轨附近,1.27,向上,健康,0.97,1.22,1.4496,1.406112,2
2025-11-19,P2,15337,🔥 P2-强力超卖 (RSI<=35),13.00%,-0.95%,29.04,观察,下轨附近,1.26,向上,健康,0.97,1.22,1.2345,1.197465,2
2025-11-19,P2,12553,🔥 P2-强力超卖 (RSI<=35),12.93%,-0.95%,29.03,观察,下轨附近,1.27,向上,健康,0.97,1.22,1.0691,1.037027,2
2025-11-19,P2,7301,🔥 P2-强力超卖 (RSI<=35),12.87%,-0.86%,30.02,观察,下轨附近,1.26,向上,健康,0.97,1.22,2.7014,2.620358,2
2025-11-19,P2,12970,🔥 P2-强力超卖 (RSI<=35),12.80%,-0.89%,29.08,观察,下轨附近,1.27,向上,健康,0.97,1.22,1.029,0.99813,2
2025-11-19,P2,14777,🔥 P2-强力超卖 (RSI<=35),12.72%,-0.96%,29.21,观察,下轨附近,1.26,向上,健康,0.97,1.22,1.1902,1.154494,2
2025-11-19,P2,14194,🔥 P2-强力超卖 (RSI<=35),12.46%,-1.19%,33.67,观察,轨道中间,1.3,向上,健康,0.99,1.29,1.1837,1.148189,2
2025-11-19,P2,14419,🔥 P2-强力超卖 (RSI<=35),12.31%,-0.99%,30.26,观察,下轨附近,1.26,向上,健康,0.97,1.23,1.0999,1.0669030000000002,2
2025-11-19,P2,14219,🔥 P2-强力超卖 (RSI<=35),10.73%,0.36%,32.28,观察,下轨附近,1.39,向上,健康,0.99,1.38,1.3729,1.331713,3
2025-11-19,P2,14855,🔥 P2-强力超卖 (RSI<=35),10.63%,-0.67%,33.97,观察,轨道中间,1.32,向上,健康,1.0,1.32,1.8425,1.787225,2
2025-11-19,P2,16123,🔥 P2-强力超卖 (RSI<=35),10.33%,0.21%,30.16,观察,下轨附近,1.37,向上,健康,0.99,1.35,1.3104,1.271088,3
2025-11-19,P2,12908,🔥 P2-强力超卖 (RSI<=35),10.04%,0.13%,29.17,观察,下轨附近,1.37,向上,健康,0.99,1.35,0.9817,0.952249,3
2025-11-19,P2,12555,🔥 P2-强力超卖 (RSI<=35),10.04%,0.33%,30.98,观察,下轨附近,1.34,向上,健康,0.98,1.32,0.9613,0.932461,1
2025-11-19,P2,13316,关注 (回撤 9.99%),9.99%,0.13%,29.1,观察,下轨附近,1.36,向上,健康,0.99,1.35,0.9581,0.929357,3
2025-11-19,P2,14985,关注 (回撤 9.98%),9.98%,0.41%,32.68,观察,下轨附近,1.34,向上,健康,0.99,1.34,1.6867,1.636099,3
2025-11-19,P2,13305,关注 (回撤 9.98%),9.98%,0.14%,29.3,观察,下轨附近,1.37,向上,健康,0.99,1.35,1.0334,1.002398,3
2025-11-19,P2,14544,关注 (回撤 9.97%),9.97%,0.29%,31.27,观察,轨道中间,1.33,平稳,健康,0.98,1.31,1.615,1.56655,1
2025-11-19,P2,13318,关注 (回撤 9.95%),9.95%,0.13%,29.08,观察,下轨附近,1.36,向上,健康,0.99,1.34,1.0143,0.983871,3
2025-11-19,P2,160424,关注 (回撤 9.92%),9.92%,0.42%,32.74,观察,下轨附近,1.35,向上,健康,0.99,1.34,2.3527,2.282119,3
2025-11-19,P2,14130,关注 (回撤 9.89%),9.89%,-0.29%,32.15,观察,轨道中间,1.24,平稳,健康,0.98,1.21,1.6707,1.620579,1
2025-11-19,P2,12899,关注 (回撤 9.75%),9.75%,0.13%,29.23,观察,下轨附近,1.36,向上,健康,0.99,1.34,0.9816,0.952152,3
2025-11-19,P2,1593,关注 (回撤 9.58%),9.58%,0.24%,33.65,观察,下轨附近,1.3,向上,健康,0.99,1.29,1.2215,1.184855,3
2025-11-19,P2,13277,关注 (回撤 9.52%),9.52%,0.23%,33.46,观察,下轨附近,1.3,向上,健康,0.99,1.29,1.1056,1.0724319999999998,3
2025-11-19,P2,15673,关注 (回撤 9.49%),9.49%,0.23%,33.36,观察,下轨附近,1.3,向上,健康,0.99,1.29,1.3746,1.333362,3
2025-11-19,P2,7665,关注 (回撤 9.45%),9.45%,0.23%,33.66,观察,下轨附近,1.3,向上,健康,0.99,1.3,1.6947,1.643859,3
2025-11-19,P2,15600,关注 (回撤 9.45%),9.45%,0.24%,33.54,观察,下轨附近,1.31,向上,健康,0.99,1.3,1.7019,1.6508429999999998,3
2025-11-19,P2,4744,关注 (回撤 9.42%),9.42%,0.23%,33.65,观察,下轨附近,1.3,向上,健康,0.99,1.29,3.0759,2.983623,3
2025-11-19,P2,11317,关注 (回撤 9.00%),9.00%,-0.03%,34.38,观察,下轨附近,1.25,向上,健康,0.99,1.24,1.0806,1.048182,2
2025-11-19,P2,10356,关注 (回撤 8.99%),8.99%,0.14%,33.59,观察,下轨附近,1.3,向上,健康,0.99,1.28,2.0987,2.035739,1
2025-11-19,P2,8400,关注 (回撤 8.93%),8.93%,-0.08%,30.04,观察,下轨附近,1.28,向上,健康,0.99,1.26,1.8812,1.824764,4
2025-11-19,P2,15795,关注 (回撤 8.67%),8.67%,0.16%,30.23,观察,下轨附近,1.32,向上,健康,0.98,1.29,1.1976,1.161672,3
2025-11-19,P2,12901,关注 (回撤 8.32%),8.32%,0.06%,30.23,观察,下轨附近,1.3,向上,健康,0.98,1.28,0.848,0.82256,3
2025-11-19,P2,5627,关注 (回撤 7.89%),7.89%,-0.29%,29.31,观察,下轨附近,1.24,向上,健康,0.98,1.21,2.2706,2.202482,4
2025-11-19,P2,501037,关注 (回撤 7.14%),7.14%,-0.37%,32.87,观察,下轨附近,1.17,平稳,健康,0.99,1.15,1.3293,1.289421,2
2025-11-19,P2,11965,关注 (回撤 6.90%),6.90%,-0.35%,33.19,观察,下轨附近,1.17,平稳,健康,0.99,1.15,1.128,1.0941599999999998,4
2025-11-19,P2,70039,关注 (回撤 6.82%),6.82%,-0.37%,33.47,观察,下轨附近,1.16,平稳,健康,0.99,1.15,1.6055,1.557335,4
2025-11-19,P2,4348,关注 (回撤 6.78%),6.78%,-0.36%,33.4,观察,下轨附近,1.17,平稳,健康,0.99,1.15,1.9415,1.883255,4
2025-11-19,P2,6382,关注 (回撤 6.72%),6.72%,-0.37%,33.37,观察,下轨附近,1.17,平稳,健康,0.99,1.15,0.8308,0.8058759999999999,4
2025-11-19,P2,7029,关注 (回撤 6.71%),6.71%,-0.34%,33.56,观察,下轨附近,1.17,平稳,健康,0.99,1.16,1.672,1.62184,4
2025-11-19,P2,5919,关注 (回撤 6.70%),6.70%,-0.36%,33.45,观察,下轨附近,1.17,平稳,健康,0.99,1.15,1.4061,1.3639169999999998,4
2025-11-19,P2,6938,关注 (回撤 6.69%),6.69%,-0.38%,33.32,观察,下轨附近,1.17,平稳,健康,0.99,1.16,2.1637,2.098789,2
2025-11-19,P2,7223,关注 (回撤 6.67%),6.67%,-0.32%,33.57,观察,下轨附近,1.17,平稳,健康,0.99,1.16,1.3466,1.306202,4
2025-11-19,P2,8001,关注 (回撤 6.64%),6.64%,-0.35%,33.47,观察,下轨附近,1.17,平稳,健康,0.99,1.16,1.3994,1.357418,4
2025-11-19,P2,6215,关注 (回撤 6.49%),6.49%,-0.35%,33.59,观察,下轨附近,1.17,平稳,健康,0.99,1.16,1.3562,1.315514,2
2025-11-19,P2,7794,关注 (回撤 6.38%),6.38%,0.04%,31.25,观察,下轨附近,1.17,平稳,健康,0.98,1.15,1.8924,1.835628,3
2025-11-19,P2,15454,关注 (回撤 6.37%),6.37%,-0.39%,34.21,观察,下轨附近,1.2,平稳,健康,1.0,1.2,1.3127,1.273319,4
2025-11-19,P2,14345,关注 (回撤 6.34%),6.34%,-0.42%,29.04,观察,下轨附近,1.22,平稳,健康,0.99,1.2,1.3701,1.328997,4
2025-11-19,P3,23567,观察中 (RSI未超卖),20.52%,-1.93%,36.85,观察,**下轨下方**,,数据不足,数据不足,0.88,,1.0077,0.977469,4
2025-11-19,P3,3305,观察中 (RSI未超卖),16.71%,-1.24%,39.07,观察,下轨附近,1.34,平稳,健康,0.94,1.26,4.451,4.317469999999999,2
2025-11-19,P3,9645,观察中 (RSI未超卖),15.02%,0.10%,43.25,观察,下轨附近,1.38,向上,健康,0.93,1.28,1.7682,1.7151539999999998,3
2025-11-19,P3,14662,关注 (回撤 9.85%),9.85%,1.96%,59.93,观察,轨道中间,1.19,向上,健康,1.04,1.24,2.0899,2.027203,3
2025-11-19,P3,8987,关注 (回撤 9.72%),9.72%,1.94%,59.85,观察,轨道中间,1.19,向上,健康,1.04,1.24,1.9753,1.916041,3
2025-11-19,P3,4433,关注 (回撤 7.99%),7.99%,2.64%,45.82,观察,轨道中间,1.34,向上,健康,1.06,1.42,1.6927,1.641919,3
2025-11-19,P3,10063,关注 (回撤 7.96%),7.96%,1.12%,42.21,观察,轨道中间,1.23,向上,健康,1.02,1.26,0.882,0.85554,3
2025-11-19,P3,13081,关注 (回撤 7.83%),7.83%,2.71%,44.18,观察,轨道中间,1.35,向上,健康,1.06,1.43,2.5891,2.5114270000000003,3
2025-11-19,P3,11372,关注 (回撤 7.74%),7.74%,-0.65%,55.61,观察,轨道中间,1.2,平稳,健康,0.99,1.19,0.706,0.68482,2
2025-11-19,P3,5727,关注 (回撤 7.24%),7.24%,-0.65%,43.37,观察,下轨附近,1.15,平稳,健康,0.99,1.14,1.2576,1.219872,2
2025-11-19,P3,15596,关注 (回撤 7.03%),7.03%,2.47%,44.96,观察,轨道中间,1.35,向上,健康,1.06,1.43,2.104,2.04088,3
2025-11-19,P3,7413,关注 (回撤 6.88%),6.88%,-0.60%,37.03,观察,下轨附近,1.21,平稳,健康,1.0,1.2,1.7179,1.666363,4
2025-11-19,P3,13278,关注 (回撤 6.17%),6.17%,-1.21%,40.16,观察,**下轨下方**,1.18,平稳,健康,0.96,1.14,1.14,1.1058,2
2025-11-20,P1B,15895,🌟 P1-极值超卖 (RSI<=29),13.63%,-0.72%,23.68,观察,下轨附近,1.3,向上,健康,0.94,1.22,1.4258,1.383026,4
2025-11-20,P1B,15877,🌟 P1-极值超卖 (RSI<=29),13.37%,-0.73%,24.1,观察,下轨附近,1.3,向上,健康,0.94,1.23,1.4603,1.416491,4
2025-11-20,P1B,10531,🌟 P1-极值超卖 (RSI<=29),12.91%,-0.66%,28.68,观察,下轨附近,1.34,向上,健康,0.95,1.28,1.4384,1.3952479999999998,2
2025-11-20,P1B,12551,🌟 P1-极值超卖 (RSI<=29),12.49%,-0.74%,28.05,观察,下轨附近,1.3,向上,健康,0.95,1.23,1.1606,1.125782,2
2025-11-20,P1B,7816,🌟 P1-极值超卖 (RSI<=29),12.42%,-0.47%,20.7,观察,下轨附近,1.27,平稳,健康,0.93,1.18,1.428,1.38516,2
2025-11-20,P1B,1618,🌟 P1-极值超卖 (RSI<=29),12.38%,-0.78%,26.8,观察,下轨附近,1.29,向上,健康,0.95,1.23,1.8204,1.765788,2
2025-11-20,P1B,13292,🌟 P1-极值超卖 (RSI<=29),12.13%,-0.67%,15.45,观察,下轨附近,1.14,平稳,健康,0.93,1.06,1.941,1.88277,3
2025-11-20,P1B,10956,🌟 P1-极值超卖 (RSI<=29),12.11%,-0.69%,15.99,观察,下轨附近,1.14,平稳,健康,0.93,1.06,1.042,1.01074,3
2025-11-20,P1B,12040,🌟 P1-极值超卖 (RSI<=29),11.75%,-0.94%,26.66,观察,下轨附近,1.26,向上,健康,0.95,1.2,1.2915,1.252755,2
2025-11-20,P1B,2974,🌟 P1-极值超卖 (RSI<=29),11.43%,-0.91%,26.7,观察,下轨附近,1.25,向上,健康,0.95,1.19,1.5073,1.462081,2
2025-11-20,P1B,13122,🌟 P1-极值超卖 (RSI<=29),11.29%,-0.74%,24.34,观察,下轨附近,1.25,平稳,健康,0.95,1.19,1.0667,1.034699,2
2025-11-20,P1B,14172,🌟 P1-极值超卖 (RSI<=29),10.84%,-0.88%,24.62,观察,下轨附近,1.25,向上,健康,0.95,1.18,1.242,1.20474,3
2025-11-20,P1B,15676,关注 (回撤 9.48%),9.48%,-0.89%,27.1,观察,下轨附近,1.24,平稳,健康,0.95,1.18,1.5865,1.538905,2
2025-11-20,P1B,14173,关注 (回撤 9.42%),9.42%,-0.91%,27.33,观察,下轨附近,1.25,平稳,健康,0.96,1.19,1.193,1.15721,2
2025-11-20,P1B,7984,关注 (回撤 8.90%),8.90%,-0.90%,28.49,观察,下轨附近,1.22,平稳,健康,0.96,1.17,1.7874,1.733778,2
2025-11-20,P1B,5795,关注 (回撤 6.95%),6.95%,-0.60%,28.98,观察,**下轨下方**,1.18,平稳,健康,0.97,1.14,1.5647,1.517759,4
2025-11-20,P2,10524,🔥 P2-强力超卖 (RSI<=35),13.60%,0.11%,32.12,观察,轨道中间,1.47,向上,健康,0.97,1.43,1.4814,1.436958,1
2025-11-20,P2,12630,🔥 P2-强力超卖 (RSI<=35),12.24%,-1.22%,33.45,观察,下轨附近,1.26,向上,健康,0.95,1.2,0.9767,0.947399,2
2025-11-20,P2,8888,🔥 P2-强力超卖 (RSI<=35),12.11%,-1.19%,33.52,观察,下轨附近,1.27,向上,健康,0.95,1.21,1.4324,1.389428,2
2025-11-20,P2,12970,🔥 P2-强力超卖 (RSI<=35),11.97%,-1.19%,33.55,观察,下轨附近,1.27,向上,健康,0.95,1.21,1.0168,0.986296,2
2025-11-20,P2,15337,🔥 P2-强力超卖 (RSI<=35),11.76%,-1.20%,33.29,观察,下轨附近,1.26,向上,健康,0.96,1.2,1.2197,1.183109,2
2025-11-20,P2,12553,🔥 P2-强力超卖 (RSI<=35),11.70%,-1.19%,33.3,观察,下轨附近,1.26,向上,健康,0.96,1.21,1.0564,1.024708,2
2025-11-20,P2,12838,🔥 P2-强力超卖 (RSI<=35),11.66%,-1.21%,33.63,观察,下轨附近,1.26,向上,健康,0.95,1.2,0.898,0.87106,2
2025-11-20,P2,14777,🔥 P2-强力超卖 (RSI<=35),11.57%,-1.19%,33.45,观察,下轨附近,1.26,向上,健康,0.96,1.21,1.176,1.14072,2
2025-11-20,P2,14419,🔥 P2-强力超卖 (RSI<=35),11.50%,-1.14%,34.65,观察,下轨附近,1.26,向上,健康,0.96,1.21,1.0874,1.054778,2
2025-11-20,P2,7301,🔥 P2-强力超卖 (RSI<=35),11.33%,-1.28%,33.92,观察,下轨附近,1.25,向上,健康,0.96,1.2,2.6668,2.586796,2
2025-11-20,P2,7874,🔥 P2-强力超卖 (RSI<=35),11.11%,-0.54%,29.37,观察,下轨附近,1.3,平稳,健康,0.96,1.24,1.5764,1.529108,2
2025-11-20,P2,15788,🔥 P2-强力超卖 (RSI<=35),10.93%,-1.18%,29.98,观察,下轨附近,1.21,平稳,健康,0.94,1.14,1.445,1.40165,2
2025-11-20,P2,11840,🔥 P2-强力超卖 (RSI<=35),10.90%,-0.43%,33.53,观察,轨道中间,1.34,平稳,健康,0.97,1.29,1.4283,1.3854509999999998,2
2025-11-20,P2,9239,🔥 P2-强力超卖 (RSI<=35),10.89%,-0.43%,33.47,观察,轨道中间,1.34,平稳,健康,0.97,1.3,2.1751,2.109847,2
2025-11-20,P2,13894,🔥 P2-强力超卖 (RSI<=35),10.88%,-1.16%,30.7,观察,下轨附近,1.25,向上,健康,0.95,1.19,1.1594,1.124618,2
2025-11-20,P2,12734,🔥 P2-强力超卖 (RSI<=35),10.85%,-0.43%,33.67,观察,轨道中间,1.34,平稳,健康,0.97,1.29,1.6311,1.582167,2
2025-11-20,P2,11833,🔥 P2-强力超卖 (RSI<=35),10.47%,-0.52%,32.68,观察,下轨附近,1.32,平稳,健康,0.96,1.27,1.3822,1.340734,2
2025-11-20,P2,6910,🔥 P2-强力超卖 (RSI<=35),10.35%,-0.43%,29.17,观察,下轨附近,1.31,向上,健康,0.97,1.27,1.9265,1.868705,2
2025-11-20,P2,13811,🔥 P2-强力超卖 (RSI<=35),10.35%,-1.19%,31.21,观察,下轨附近,1.25,向上,健康,0.95,1.2,0.9295,0.901615,2
2025-11-20,P2,11611,🔥 P2-强力超卖 (RSI<=35),10.29%,-1.16%,31.28,观察,下轨附近,1.25,向上,健康,0.96,1.19,1.0283,0.997451,2
2025-11-20,P2,11609,🔥 P2-强力超卖 (RSI<=35),10.26%,-1.16%,31.37,观察,下轨附近,1.25,向上,健康,0.96,1.2,1.0193,0.988721,2
2025-11-20,P2,11613,🔥 P2-强力超卖 (RSI<=35),10.22%,-1.16%,31.28,观察,下轨附近,1.25,向上,健康,0.96,1.2,1.0459,1.014523,2
2025-11-20,P2,11036,关注 (回撤 9.70%),9.70%,0.00%,31.27,观察,轨道中间,1.35,平稳,健康,0.99,1.33,1.2047,1.168559,1
2025-11-20,P2,12555,关注 (回撤 9.57%),9.57%,-0.87%,34.86,观察,下轨附近,1.34,向上,健康,0.97,1.31,0.9529,0.924313,1
2025-11-20,P2,12718,关注 (回撤 9.55%),9.55%,-0.53%,30.9,观察,下轨附近,1.25,向上,健康,0.97,1.21,1.0338,1.002786,4
2025-11-20,P2,14130,关注 (回撤 9.40%),9.40%,-0.39%,34.64,观察,轨道中间,1.24,平稳,健康,0.97,1.21,1.6642,1.6142739999999998,2
2025-11-20,P2,14332,关注 (回撤 9.11%),9.11%,0.00%,31.32,观察,轨道中间,1.34,平稳,健康,0.99,1.33,1.1558,1.1211259999999998,1
2025-11-20,P2,12901,关注 (回撤 9.02%),9.02%,-0.83%,32.5,观察,下轨附近,1.3,向上,健康,0.97,1.27,0.841,0.81577,2
2025-11-20,P2,15795,关注 (回撤 9.00%),9.00%,-0.94%,32.9,观察,下轨附近,1.32,向上,健康,0.97,1.28,1.1863,1.1507109999999998,2
2025-11-20,P2,12809,关注 (回撤 8.58%),8.58%,-0.66%,29.28,观察,下轨附近,1.19,平稳,健康,0.95,1.13,1.0645,1.032565,4
2025-11-20,P2,8400,关注 (回撤 7.67%),7.67%,-0.45%,33.52,观察,下轨附近,1.28,向上,健康,0.98,1.26,1.8727,1.816519,4
2025-11-20,P2,5627,关注 (回撤 7.59%),7.59%,-0.84%,30.37,观察,下轨附近,1.24,向上,健康,0.97,1.2,2.2516,2.184052,4
2025-11-20,P2,13084,关注 (回撤 7.25%),7.25%,-0.15%,31.75,观察,下轨附近,1.19,平稳,健康,0.96,1.14,1.1673,1.132281,3
2025-11-20,P2,7794,关注 (回撤 6.79%),6.79%,-0.88%,32.43,观察,下轨附近,1.17,平稳,健康,0.98,1.14,1.8758,1.819526,2
2025-11-20,P2,13278,关注 (回撤 6.57%),6.57%,-1.40%,29.92,观察,**下轨下方**,1.18,平稳,健康,0.95,1.12,1.124,1.09028,2
2025-11-20,P2,14345,关注 (回撤 6.26%),6.26%,-0.60%,29.14,观察,**下轨下方**,1.22,平稳,健康,0.98,1.19,1.3619,1.321043,4
2025-11-20,P3,23567,观察中 (RSI未超卖),20.52%,-1.93%,36.85,观察,**下轨下方**,,数据不足,数据不足,0.88,,1.0077,0.977469,4
2025-11-20,P3,3305,观察中 (RSI未超卖),16.71%,-1.24%,39.07,观察,下轨附近,1.34,平稳,健康,0.94,1.26,4.451,4.317469999999999,2
2025-11-20,P3,9645,观察中 (RSI未超卖),15.02%,0.10%,43.25,观察,下轨附近,1.38,向上,健康,0.93,1.28,1.7682,1.7151539999999998,3
2025-11-20,P3,8327,观察中 (RSI未超卖),13.36%,0.18%,37.39,观察,轨道中间,1.5,向上,健康,0.98,1.46,2.2934,2.224598,0
2025-11-20,P3,14194,观察中 (RSI未超卖),11.11%,-1.53%,39.21,观察,下轨附近,1.3,向上,健康,0.98,1.27,1.1656,1.130632,2
2025-11-20,P3,13299,观察中 (RSI未超卖),10.39%,-0.76%,35.37,观察,下轨附近,1.36,向上,健康,0.98,1.33,1.0028,0.972716,2
2025-11-20,P3,12908,观察中 (RSI未超卖),10.21%,-0.76%,35.61,观察,下轨附近,1.37,向上,健康,0.98,1.34,0.9742,0.944974,2
2025-11-20,P3,13305,观察中 (RSI未超卖),10.15%,-0.75%,35.61,观察,下轨附近,1.37,向上,健康,0.98,1.34,1.0256,0.994832,2
2025-11-20,P3,13318,观察中 (RSI未超卖),10.12%,-0.74%,35.36,观察,下轨附近,1.36,向上,健康,0.98,1.33,1.0068,0.976596,2
2025-11-20,P3,13316,观察中 (RSI未超卖),10.08%,-0.75%,35.31,观察,下轨附近,1.36,向上,健康,0.98,1.33,0.9509,0.922373,2
2025-11-20,P3,12899,观察中 (RSI未超卖),10.05%,-0.74%,35.51,观察,下轨附近,1.36,向上,健康,0.98,1.33,0.9743,0.945071,2
2025-11-20,P3,14544,关注 (回撤 9.97%),9.97%,-0.12%,37.76,观察,轨道中间,1.33,平稳,健康,0.98,1.3,1.613,1.56461,1
2025-11-20,P3,13303,关注 (回撤 9.96%),9.96%,-0.74%,35.66,观察,下轨附近,1.36,向上,健康,0.98,1.33,1.0564,1.024708,2
2025-11-20,P3,14855,关注 (回撤 9.92%),9.92%,-1.70%,38.53,观察,下轨附近,1.32,向上,健康,0.98,1.3,1.8112,1.756864,2
2025-11-20,P3,16123,关注 (回撤 9.90%),9.90%,-0.72%,36.44,观察,下轨附近,1.37,向上,健康,0.98,1.34,1.301,1.2619699999999998,2
2025-11-20,P3,14662,关注 (回撤 9.85%),9.85%,-0.52%,54.12,观察,轨道中间,1.19,向上,健康,1.04,1.23,2.0791,2.016727,2
2025-11-20,P3,8987,关注 (回撤 9.72%),9.72%,-0.51%,53.95,观察,轨道中间,1.19,向上,健康,1.04,1.23,1.9652,1.906244,2
2025-11-20,P3,14219,关注 (回撤 9.66%),9.66%,-0.29%,38.74,观察,下轨附近,1.39,向上,健康,0.99,1.37,1.3689,1.327833,2
2025-11-20,P3,14985,关注 (回撤 9.09%),9.09%,-1.10%,36.14,观察,下轨附近,1.34,向上,健康,0.98,1.32,1.6682,1.618154,2
2025-11-20,P3,160424,关注 (回撤 9.04%),9.04%,-1.09%,36.24,观察,下轨附近,1.35,向上,健康,0.98,1.32,2.3271,2.2572870000000003,2
2025-11-20,P3,10356,关注 (回撤 8.39%),8.39%,-1.00%,36.08,观察,下轨附近,1.3,向上,健康,0.98,1.27,2.0778,2.015466,1
2025-11-20,P3,15673,关注 (回撤 8.10%),8.10%,-1.07%,35.95,观察,下轨附近,1.3,向上,健康,0.98,1.27,1.3599,1.319103,2
2025-11-20,P3,1593,关注 (回撤 8.03%),8.03%,-1.06%,36.28,观察,下轨附近,1.3,向上,健康,0.98,1.28,1.2086,1.1723419999999998,2
2025-11-20,P3,15600,关注 (回撤 8.02%),8.02%,-1.07%,36.15,观察,下轨附近,1.3,向上,健康,0.98,1.28,1.6837,1.633189,2
2025-11-20,P3,13277,关注 (回撤 8.02%),8.02%,-1.06%,36.08,观察,下轨附近,1.3,向上,健康,0.98,1.27,1.0939,1.061083,2
2025-11-20,P3,4433,关注 (回撤 7.99%),7.99%,-0.35%,49.91,观察,轨道中间,1.34,向上,健康,1.06,1.41,1.6868,1.636196,2
2025-11-20,P3,4744,关注 (回撤 7.99%),7.99%,-1.05%,36.32,观察,下轨附近,1.3,向上,健康,0.98,1.28,3.0436,2.952292,2
2025-11-20,P3,7665,关注 (回撤 7.96%),7.96%,-1.05%,36.34,观察,下轨附近,1.3,向上,健康,0.98,1.28,1.6769,1.626593,2
2025-11-20,P3,13081,关注 (回撤 7.83%),7.83%,-0.60%,47.7,观察,轨道中间,1.36,向上,健康,1.05,1.42,2.5736,2.496392,2
2025-11-20,P3,11372,关注 (回撤 7.74%),7.74%,-0.65%,55.61,观察,轨道中间,1.2,平稳,健康,0.99,1.19,0.706,0.68482,2
2025-11-20,P3,11317,关注 (回撤 7.07%),7.07%,-1.05%,35.52,观察,下轨附近,1.25,向上,健康,0.98,1.23,1.0693,1.037221,3
2025-11-20,P3,15596,关注 (回撤 7.03%),7.03%,-0.57%,48.62,观察,轨道中间,1.35,向上,健康,1.05,1.42,2.092,2.02924,2
2025-11-21,P2,8888,🔥 P2-强力超卖 (RSI<=35),12.11%,-1.19%,33.52,观察,下轨附近,1.27,向上,健康,0.95,1.21,1.4324,1.389428,2
2025-11-22,P1A,13305,🌟 P1-极值超卖 (RSI<=29),13.75%,-4.01%,28.54,观察,**下轨下方**,1.37,向上,健康,0.94,1.29,0.9845,0.954965,2
2025-11-22,P1A,11840,🌟 P1-极值超卖 (RSI<=29),13.67%,-3.98%,26.52,观察,下轨附近,1.34,平稳,健康,0.93,1.24,1.3714,1.330258,3
2025-11-22,P1A,12734,🌟 P1-极值超卖 (RSI<=29),13.60%,-3.97%,26.65,观察,下轨附近,1.33,平稳,健康,0.93,1.24,1.5663,1.519311,3
2025-11-22,P1A,11036,🌟 P1-极值超卖 (RSI<=29),13.48%,-4.77%,25.49,观察,**下轨下方**,1.34,平稳,健康,0.94,1.26,1.1472,1.112784,1
2025-11-22,P1A,13811,🌟 P1-极值超卖 (RSI<=29),13.12%,-3.09%,27.76,观察,**下轨下方**,1.25,向上,健康,0.92,1.16,0.9008,0.873776,3
2025-11-22,P1A,11611,🌟 P1-极值超卖 (RSI<=29),13.02%,-3.04%,27.89,观察,**下轨下方**,1.25,向上,健康,0.93,1.15,0.997,0.96709,3
2025-11-22,P1A,11613,🌟 P1-极值超卖 (RSI<=29),12.94%,-3.03%,27.9,观察,**下轨下方**,1.25,向上,健康,0.93,1.16,1.0142,0.983774,3
2025-11-22,P1A,160424,🌟 P1-极值超卖 (RSI<=29),12.50%,-3.80%,28.63,观察,**下轨下方**,1.35,向上,健康,0.94,1.27,2.2387,2.171539,2
2025-11-22,P1A,14544,🌟 P1-极值超卖 (RSI<=29),12.14%,-4.18%,27.24,观察,下轨附近,1.33,平稳,健康,0.94,1.25,1.5455,1.499135,2
2025-11-22,P1A,1593,🌟 P1-极值超卖 (RSI<=29),11.55%,-3.83%,28.22,观察,**下轨下方**,1.3,向上,健康,0.94,1.23,1.1623,1.127431,2
2025-11-22,P1A,4744,🌟 P1-极值超卖 (RSI<=29),11.50%,-3.81%,28.22,观察,**下轨下方**,1.3,向上,健康,0.94,1.23,2.9275,2.839675,2
2025-11-22,P2,12630,🔥 P2-强力超卖 (RSI<=35),15.79%,-4.04%,29.05,观察,**下轨下方**,1.26,向上,健康,0.91,1.15,0.9372,0.909084,3
2025-11-22,P2,8888,🔥 P2-强力超卖 (RSI<=35),15.67%,-4.05%,29.04,观察,**下轨下方**,1.27,向上,健康,0.91,1.16,1.3744,1.333168,3
2025-11-22,P2,7301,🔥 P2-强力超卖 (RSI<=35),14.87%,-3.98%,29.11,观察,**下轨下方**,1.26,向上,健康,0.92,1.15,2.5606,2.483782,3
2025-11-22,P2,11609,🔥 P2-强力超卖 (RSI<=35),10.26%,-1.16%,31.37,观察,下轨附近,1.25,向上,健康,0.96,1.2,1.0193,0.988721,2
2025-11-25,P1A,013305,关注 (回撤 13.75%),13.75%,-4.01%,28.54,观察,**下轨下方**,1.37,向上,健康,0.94,1.29,0.9845,0.9549650000000001,2
2025-11-25,P1A,011840,关注 (回撤 13.67%),13.67%,-3.98%,26.52,观察,下轨附近,1.34,平稳,健康,0.93,1.24,1.3714,1.330258,3
2025-11-25,P1A,012734,关注 (回撤 13.60%),13.60%,-3.97%,26.65,观察,下轨附近,1.33,平稳,健康,0.93,1.24,1.5663,1.519311,3
2025-11-25,P1A,011036,关注 (回撤 13.48%),13.48%,-4.77%,25.49,观察,**下轨下方**,1.34,平稳,健康,0.94,1.26,1.1472,1.112784,1
2025-11-25,P1A,013811,关注 (回撤 13.12%),13.12%,-3.09%,27.76,观察,**下轨下方**,1.25,向上,健康,0.92,1.16,0.9008,0.873776,3
2025-11-25,P1A,011611,关注 (回撤 13.02%),13.02%,-3.04%,27.89,观察,**下轨下方**,1.25,向上,健康,0.93,1.15,0.997,0.96709,3
2025-11-25,P1A,011609,关注 (回撤 12.99%),12.99%,-3.04%,28.0,观察,**下轨下方**,1.25,向上,健康,0.93,1.16,0.9883,0.9586509999999999,3
2025-11-25,P1A,011613,关注 (回撤 12.94%),12.94%,-3.03%,27.9,观察,**下轨下方**,1.25,向上,健康,0.93,1.16,1.0142,0.9837739999999999,3
2025-11-25,P1A,160424,关注 (回撤 12.50%),12.50%,-3.80%,28.63,观察,**下轨下方**,1.35,向上,健康,0.94,1.27,2.2387,2.171539,2
2025-11-25,P1A,014544,关注 (回撤 12.14%),12.14%,-4.18%,27.24,观察,下轨附近,1.33,平稳,健康,0.94,1.25,1.5455,1.499135,2
2025-11-25,P1A,001593,关注 (回撤 11.55%),11.55%,-3.83%,28.22,观察,**下轨下方**,1.30,向上,健康,0.94,1.23,1.1623,1.127431,2
2025-11-25,P1A,004744,关注 (回撤 11.50%),11.50%,-3.81%,28.22,观察,**下轨下方**,1.30,向上,健康,0.94,1.23,2.9275,2.839675,2
2025-11-25,P1B,009645,🌟 P1-极值超卖 (RSI<=29),19.96%,-1.74%,27.26,观察,**下轨下方**,1.35,向下,不健康/向下,0.85,1.15,1.5935,1.5456949999999998,2
2025-11-25,P1B,008327,🌟 P1-极值超卖 (RSI<=29),16.26%,-0.24%,27.98,观察,下轨附近,1.49,平稳,健康,0.92,1.38,2.1708,2.105676,2
2025-11-25,P1B,019548,关注 (回撤 7.25%),7.25%,0.69%,27.68,观察,下轨附近,1.10,平稳,健康,0.98,1.07,1.3512,1.3106639999999998,1
2025-11-25,P2,023567,🔥 P2-强力超卖 (RSI<=35),16.99%,0.53%,34.54,观察,轨道中间,NaN,数据不足,数据不足,0.88,,1.0037,0.973589,2
2025-11-25,P2,012630,🔥 P2-强力超卖 (RSI<=35),15.79%,-4.04%,29.05,观察,**下轨下方**,1.26,向上,健康,0.91,1.15,0.9372,0.909084,3
2025-11-25,P2,008888,🔥 P2-强力超卖 (RSI<=35),15.67%,-4.05%,29.04,观察,**下轨下方**,1.27,向上,健康,0.91,1.16,1.3744,1.3331680000000001,3
2025-11-25,P2,007301,关注 (回撤 14.87%),14.87%,-3.98%,29.11,观察,**下轨下方**,1.26,向上,健康,0.92,1.15,2.5606,2.4837819999999997,3
2025-11-25,P2,011372,关注 (回撤 8.94%),8.94%,2.00%,34.77,观察,下轨附近,1.19,向下,不健康/向下,0.95,1.13,0.6773,0.656981,3
2025-11-25,P2,007029,关注 (回撤 8.33%),8.33%,0.72%,32.79,观察,**下轨下方**,1.17,平稳,健康,0.96,1.12,1.6159,1.5674229999999998,3
2025-11-25,P3,003305,观察中 (RSI未超卖),16.92%,1.54%,41.24,观察,下轨附近,1.31,向下,不健康/向下,0.93,1.22,4.356,4.22532,1
2025-11-25,P3,014662,关注 (回撤 9.85%),9.85%,0.35%,54.72,观察,轨道中间,1.19,向上,健康,1.03,1.22,2.0685,2.006445,2
2025-11-25,P3,013081,关注 (回撤 8.60%),8.60%,-0.63%,45.43,观察,**下轨下方**,1.36,向上,健康,0.99,1.34,2.4343,2.361271,3
